year,start_station_id,end_station_id,n_trips,duration
2013,2,2,46,103100
2013,2,3,41,34023
2013,2,4,269,81267
2013,2,5,114,70162
2013,2,6,209,95760
2013,2,7,150,78650
2013,2,8,63,41798
2013,2,9,67,71666
2013,2,10,100,71545
2013,2,11,73,87647
2013,2,12,33,643893
2013,2,13,84,126586
2013,2,14,11,3839
2013,2,16,53,42464
2013,2,33,1,12893
2013,3,2,55,31463
2013,3,3,56,545909
2013,3,4,11,9311
2013,3,5,11,6947
2013,3,6,21,13589
2013,3,7,7,26453
2013,3,8,18,64896
2013,3,9,5,6134
2013,3,10,15,10903
2013,3,11,18,9216
2013,3,12,2,1155
2013,3,13,6,3194
2013,3,14,12,8109
2013,3,16,15,190176
2013,3,72,1,12088
2013,4,2,333,100492
2013,4,3,13,8049
2013,4,4,24,292142
2013,4,5,7,22013
2013,4,6,9,50840
2013,4,7,20,8363
2013,4,8,6,18993
2013,4,9,6,5346
2013,4,10,6,2506
2013,4,11,6,4708
2013,4,12,48,24848
2013,4,13,2,1611
2013,4,14,58,11569
2013,4,16,10,6871
2013,5,2,110,37015
2013,5,3,19,8149
2013,5,4,6,2989
2013,5,5,22,58282
2013,5,6,12,7020
2013,5,7,14,8728
2013,5,8,4,2896
2013,5,9,6,4046
2013,5,10,9,4800
2013,5,11,16,51320
2013,5,12,3,2856
2013,5,13,5,4021
2013,5,14,5,1722
2013,5,16,1,1050
2013,5,33,1,84633
2013,6,2,150,68810
2013,6,3,23,17329
2013,6,4,16,153567
2013,6,5,5,1521
2013,6,6,48,197963
2013,6,7,46,22792
2013,6,8,25,15189
2013,6,9,67,132231
2013,6,10,23,27216
2013,6,11,43,36557
2013,6,12,10,6862
2013,6,13,25,7709
2013,6,14,25,8731
2013,6,16,27,49142
2013,7,2,142,72070
2013,7,3,14,18918
2013,7,4,18,9209
2013,7,5,13,16605
2013,7,6,36,25525
2013,7,7,35,84923
2013,7,8,58,71765
2013,7,9,70,38995
2013,7,10,25,21301
2013,7,11,30,8122
2013,7,12,20,12123
2013,7,13,24,19596
2013,7,14,9,5995
2013,7,16,42,28630
2013,8,2,65,39317
2013,8,3,18,15927
2013,8,4,9,6894
2013,8,5,3,2664
2013,8,6,31,19002
2013,8,7,35,13751
2013,8,8,52,236085
2013,8,9,9,6328
2013,8,10,26,10944
2013,8,11,123,37085
2013,8,12,32,10147
2013,8,13,7,4035
2013,8,14,12,10805
2013,8,16,29,20302
2013,9,2,15,14378
2013,9,3,16,24588
2013,9,4,33,21099
2013,9,5,5,3607
2013,9,6,53,36962
2013,9,7,38,26563
2013,9,8,15,27309
2013,9,9,74,509673
2013,9,10,35,87182
2013,9,11,42,29925
2013,9,12,11,9439
2013,9,13,17,9918
2013,9,14,11,12937
2013,9,16,9,12165
2013,9,80,1,1793
2013,10,2,77,44484
2013,10,3,22,19463
2013,10,4,13,42768
2013,10,5,16,11648
2013,10,6,28,18726
2013,10,7,42,17994
2013,10,8,129,37691
2013,10,9,31,22210
2013,10,10,50,348798
2013,10,11,64,57686
2013,10,12,27,8909
2013,10,13,9,5712
2013,10,14,2,1824
2013,10,16,17,356272
2013,11,2,37,22112
2013,11,3,14,9894
2013,11,4,8,12737
2013,11,5,10,16729
2013,11,6,32,60990
2013,11,7,36,21216
2013,11,8,25,14932
2013,11,9,45,30785
2013,11,10,32,58749
2013,11,11,52,302439
2013,11,12,17,18128
2013,11,13,17,14593
2013,11,14,6,4710
2013,11,16,70,42077
2013,12,2,14,10751
2013,12,3,6,3897
2013,12,4,33,13871
2013,12,5,8,4496
2013,12,6,15,8504
2013,12,7,16,13222
2013,12,8,23,12706
2013,12,9,13,95089
2013,12,10,20,10501
2013,12,11,18,9228
2013,12,12,24,212987
2013,12,13,20,6561
2013,12,14,2,7981
2013,12,16,57,427497
2013,13,2,87,57402
2013,13,3,12,8517
2013,13,4,4,1907
2013,13,5,5,2532
2013,13,6,36,14239
2013,13,7,14,10759
2013,13,8,14,8675
2013,13,9,23,26759
2013,13,10,11,7108
2013,13,11,10,5835
2013,13,12,18,7702
2013,13,13,10,33919
2013,13,14,4,1742
2013,13,16,4,2539
2013,14,2,5,3225
2013,14,3,5,2234
2013,14,4,51,11420
2013,14,5,7,3389
2013,14,6,46,254383
2013,14,7,15,13278
2013,14,8,6,6045
2013,14,9,11,9941
2013,14,10,4,2200
2013,14,11,1,590
2013,14,12,4,6720
2013,14,13,4,2155
2013,14,14,47,97230
2013,14,16,8,8328
2013,16,2,53,61370
2013,16,3,7,15600
2013,16,4,7,4825
2013,16,5,1,502
2013,16,6,17,15007
2013,16,7,47,42227
2013,16,8,28,95807
2013,16,9,5,6226
2013,16,10,17,157948
2013,16,11,42,22527
2013,16,12,59,31231
2013,16,13,7,4254
2013,16,14,11,10778
2013,16,16,33,222178
2013,21,21,21,102660
2013,21,22,43,16929
2013,21,23,1,331
2013,21,24,8,37852
2013,21,25,8,3823
2013,21,26,1,249
2013,21,34,1,1730
2013,21,35,2,3409
2013,22,21,50,19414
2013,22,22,32,328578
2013,22,23,39,11982
2013,22,24,52,41984
2013,22,25,5,1880
2013,22,26,118,40553
2013,22,29,1,4068
2013,22,34,3,60353
2013,22,72,1,236
2013,23,22,31,86866
2013,23,23,16,13531
2013,23,24,8,3084
2013,23,25,14,3166
2013,23,26,18,17994
2013,24,21,7,2485
2013,24,22,8,5205
2013,24,23,8,2396
2013,24,24,11,371003
2013,24,26,2,485
2013,24,37,1,1378
2013,25,21,5,1403
2013,25,22,3,940
2013,25,23,9,3467
2013,25,24,2,327
2013,25,25,6,27491
2013,25,26,4,635
2013,26,16,1,229914
2013,26,21,1,225
2013,26,22,72,25483
2013,26,23,17,5607
2013,26,24,6,5204
2013,26,25,4,510
2013,26,26,3,641
2013,27,27,45,221018
2013,27,28,316,162823
2013,27,29,13,21548
2013,27,30,10,7537
2013,27,33,27,27785
2013,27,34,1,3836
2013,27,35,1,6210
2013,27,38,6,61591
2013,28,2,1,12539
2013,28,13,1,25953
2013,28,27,404,410649
2013,28,28,94,863166
2013,28,29,33,112557
2013,28,30,112,139398
2013,28,33,70,239402
2013,28,34,6,122033
2013,28,35,1,2835
2013,28,36,1,1709
2013,28,37,2,7676
2013,28,38,3,4704
2013,29,27,11,11142
2013,29,28,15,161007
2013,29,29,27,127932
2013,29,30,2,2728
2013,29,33,64,34713
2013,29,34,3,7902
2013,29,35,5,11611
2013,29,36,10,13677
2013,29,37,2,7640
2013,29,38,7,10212
2013,30,27,11,12647
2013,30,28,108,66447
2013,30,30,32,72641
2013,33,27,34,120946
2013,33,28,66,52193
2013,33,29,38,28029
2013,33,33,48,1363079
2013,33,35,5,10266
2013,33,36,5,7181
2013,33,38,2,5039
2013,34,22,2,10569
2013,34,24,2,3324
2013,34,28,2,6766
2013,34,29,6,8803
2013,34,33,1,3508
2013,34,34,72,370381
2013,34,35,23,242675
2013,34,36,57,42776
2013,34,37,93,195984
2013,34,38,52,47840
2013,35,22,1,4601
2013,35,27,1,27984
2013,35,28,2,7419
2013,35,29,8,13591
2013,35,33,2,3698
2013,35,34,12,29561
2013,35,35,210,2296096
2013,35,36,32,84600
2013,35,37,37,150444
2013,35,38,34,32565
2013,36,28,1,4088
2013,36,29,18,20440
2013,36,31,1,1696
2013,36,33,4,5498
2013,36,34,50,682499
2013,36,35,56,80842
2013,36,36,58,417144
2013,36,37,14,24894
2013,36,38,21,19324
2013,36,77,1,6598
2013,37,24,1,3006
2013,37,25,1,2070
2013,37,28,2,8093
2013,37,29,3,8498
2013,37,34,84,42438
2013,37,35,74,92145
2013,37,36,31,46542
2013,37,37,42,508217
2013,37,38,8,8292
2013,38,27,6,10463
2013,38,28,3,5427
2013,38,29,13,16933
2013,38,33,3,4717
2013,38,34,33,360998
2013,38,35,32,123957
2013,38,36,21,9649
2013,38,37,13,16794
2013,38,38,25,168864
2013,39,35,1,18112
2013,39,39,111,1465711
2013,39,41,38,63846
2013,39,42,21,15938
2013,39,45,89,142350
2013,39,46,23,14333
2013,39,47,35,10767
2013,39,48,45,142277
2013,39,49,34,24053
2013,39,50,95,209763
2013,39,51,17,18508
2013,39,54,10,55041
2013,39,55,63,35094
2013,39,56,36,20450
2013,39,57,53,12508
2013,39,58,93,73466
2013,39,59,78,70880
2013,39,60,124,309043
2013,39,61,26,20839
2013,39,62,46,24174
2013,39,63,36,16786
2013,39,64,32,28122
2013,39,65,129,95816
2013,39,66,190,148878
2013,39,67,270,330160
2013,39,68,26,55521
2013,39,69,255,135290
2013,39,70,208,120219
2013,39,71,25,139859
2013,39,72,161,257953
2013,39,73,42,143122
2013,39,74,70,67169
2013,39,75,33,174879
2013,39,76,51,135976
2013,39,77,127,144073
2013,41,39,47,28676
2013,41,41,94,659465
2013,41,42,36,36969
2013,41,45,14,3030
2013,41,46,23,15462
2013,41,47,29,13007
2013,41,48,35,24219
2013,41,49,36,19633
2013,41,50,78,109015
2013,41,51,34,16056
2013,41,54,47,53815
2013,41,55,144,47771
2013,41,56,43,15144
2013,41,57,29,30230
2013,41,58,9,9516
2013,41,59,18,27010
2013,41,60,112,190928
2013,41,61,83,77943
2013,41,62,43,28661
2013,41,63,74,34056
2013,41,64,18,13082
2013,41,65,28,49609
2013,41,66,27,29548
2013,41,67,29,31285
2013,41,68,42,28556
2013,41,69,35,31568
2013,41,70,114,115822
2013,41,71,59,45131
2013,41,72,40,29749
2013,41,73,67,49772
2013,41,74,37,45153
2013,41,75,82,18099
2013,41,76,90,66385
2013,41,77,57,17639
2013,42,39,54,469949
2013,42,41,22,33350
2013,42,42,122,465519
2013,42,45,43,15561
2013,42,46,14,10234
2013,42,47,38,39114
2013,42,48,37,36818
2013,42,49,80,29974
2013,42,50,46,23811
2013,42,51,66,41176
2013,42,54,35,23065
2013,42,55,60,19593
2013,42,56,91,27222
2013,42,57,12,8579
2013,42,58,12,16308
2013,42,59,20,19067
2013,42,60,176,119301
2013,42,61,61,125553
2013,42,62,9,5634
2013,42,63,33,68830
2013,42,64,34,28578
2013,42,65,14,17070
2013,42,66,14,16196
2013,42,67,16,24985
2013,42,68,8,5018
2013,42,69,43,37911
2013,42,70,183,150263
2013,42,71,52,45005
2013,42,72,8,8042
2013,42,73,73,52432
2013,42,74,35,19783
2013,42,75,52,27854
2013,42,76,55,36463
2013,42,77,54,22019
2013,45,39,157,95076
2013,45,41,18,5674
2013,45,42,119,37514
2013,45,45,65,222721
2013,45,46,31,28217
2013,45,47,68,37615
2013,45,48,9,9062
2013,45,49,41,21280
2013,45,50,154,81122
2013,45,51,40,18877
2013,45,54,129,87522
2013,45,55,90,39615
2013,45,56,98,53601
2013,45,57,48,37466
2013,45,58,9,10492
2013,45,59,10,10680
2013,45,60,62,64819
2013,45,61,18,14047
2013,45,62,32,24762
2013,45,63,41,24053
2013,45,64,34,52575
2013,45,65,10,14107
2013,45,66,48,48087
2013,45,67,22,19707
2013,45,68,17,23303
2013,45,69,23,21325
2013,45,70,107,102618
2013,45,71,50,33504
2013,45,72,17,12551
2013,45,73,51,31794
2013,45,74,29,14181
2013,45,75,59,17634
2013,45,76,131,140904
2013,45,77,143,69270
2013,46,39,42,64046
2013,46,41,10,22395
2013,46,42,21,14277
2013,46,45,9,7049
2013,46,46,74,535056
2013,46,47,35,28804
2013,46,48,25,44829
2013,46,49,22,15962
2013,46,50,78,81909
2013,46,51,79,50472
2013,46,54,26,20279
2013,46,55,75,43536
2013,46,56,35,13931
2013,46,57,12,12299
2013,46,58,14,50781
2013,46,59,11,40926
2013,46,60,82,207130
2013,46,61,15,32118
2013,46,62,6,6530
2013,46,63,20,12712
2013,46,64,18,76958
2013,46,65,17,22304
2013,46,66,12,13435
2013,46,67,63,52550
2013,46,68,15,16835
2013,46,69,36,40606
2013,46,70,30,118026
2013,46,71,32,86470
2013,46,72,16,14077
2013,46,73,40,206524
2013,46,74,35,36764
2013,46,75,35,45246
2013,46,76,35,45545
2013,46,77,51,25182
2013,47,39,52,38384
2013,47,41,34,12709
2013,47,42,34,21849
2013,47,45,47,52959
2013,47,46,126,32967
2013,47,47,52,146900
2013,47,48,29,37114
2013,47,49,63,31622
2013,47,50,120,170914
2013,47,51,25,17508
2013,47,54,19,12706
2013,47,55,51,19836
2013,47,56,24,6657
2013,47,57,49,22394
2013,47,58,35,56797
2013,47,59,45,33949
2013,47,60,83,96459
2013,47,61,73,40454
2013,47,62,70,23671
2013,47,63,40,11447
2013,47,64,100,45470
2013,47,65,39,39062
2013,47,66,83,76301
2013,47,67,71,132107
2013,47,68,24,11320
2013,47,69,57,41342
2013,47,70,92,63183
2013,47,71,40,89000
2013,47,72,31,28995
2013,47,73,109,96383
2013,47,74,54,33987
2013,47,75,19,20553
2013,47,76,35,121075
2013,47,77,16,300290
2013,48,39,39,77087
2013,48,41,26,52572
2013,48,42,42,94333
2013,48,45,16,11024
2013,48,46,11,5012
2013,48,47,6,17779
2013,48,48,142,514253
2013,48,49,78,40683
2013,48,50,161,213539
2013,48,51,36,25970
2013,48,54,131,170596
2013,48,55,66,39038
2013,48,56,124,64323
2013,48,57,20,17764
2013,48,58,13,13588
2013,48,59,15,37426
2013,48,60,248,528986
2013,48,61,126,128638
2013,48,62,10,9715
2013,48,63,30,21838
2013,48,64,94,66120
2013,48,65,22,29481
2013,48,66,31,74836
2013,48,67,21,128688
2013,48,68,27,41386
2013,48,69,25,26359
2013,48,70,121,186841
2013,48,71,45,54869
2013,48,72,32,35778
2013,48,73,62,85838
2013,48,74,106,89723
2013,48,75,38,48281
2013,48,76,70,318193
2013,48,77,28,88080
2013,49,39,45,36558
2013,49,41,33,26005
2013,49,42,65,32959
2013,49,45,53,28856
2013,49,46,40,28755
2013,49,47,52,40456
2013,49,48,70,67519
2013,49,49,81,270494
2013,49,50,124,68559
2013,49,51,17,13106
2013,49,54,49,10664
2013,49,55,46,13055
2013,49,56,65,22449
2013,49,57,81,49920
2013,49,58,8,8882
2013,49,59,10,11273
2013,49,60,108,125494
2013,49,61,196,119468
2013,49,62,91,35101
2013,49,63,56,50080
2013,49,64,101,41665
2013,49,65,56,42519
2013,49,66,21,27058
2013,49,67,27,46210
2013,49,68,96,46571
2013,49,69,148,132234
2013,49,70,223,174038
2013,49,71,23,22226
2013,49,72,30,30606
2013,49,73,57,52193
2013,49,74,94,28955
2013,49,75,88,34944
2013,49,76,84,65706
2013,49,77,55,31788
2013,50,39,99,167260
2013,50,41,67,50684
2013,50,42,85,214282
2013,50,45,166,174250
2013,50,46,55,75083
2013,50,47,113,131141
2013,50,48,266,516229
2013,50,49,114,121538
2013,50,50,438,3073739
2013,50,51,41,75805
2013,50,54,212,168821
2013,50,55,79,30501
2013,50,56,41,86990
2013,50,57,69,67208
2013,50,58,37,132750
2013,50,59,17,20934
2013,50,60,945,1525119
2013,50,61,451,309522
2013,50,62,66,57489
2013,50,63,63,51713
2013,50,64,115,79427
2013,50,65,153,149308
2013,50,66,46,204989
2013,50,67,37,217667
2013,50,68,53,144020
2013,50,69,189,151267
2013,50,70,386,387104
2013,50,71,103,222192
2013,50,72,44,87484
2013,50,73,121,247715
2013,50,74,15,87630
2013,50,75,122,118631
2013,50,76,189,252880
2013,50,77,200,140992
2013,51,39,32,57798
2013,51,41,13,6502
2013,51,42,48,112056
2013,51,45,32,29541
2013,51,46,58,30758
2013,51,47,21,13657
2013,51,48,51,35542
2013,51,49,6,1130
2013,51,50,63,71387
2013,51,51,84,357902
2013,51,54,103,47319
2013,51,55,10,2089
2013,51,56,17,5495
2013,51,57,35,25801
2013,51,58,1,1015
2013,51,59,6,6143
2013,51,60,144,137604
2013,51,61,157,86657
2013,51,62,10,22442
2013,51,63,57,21270
2013,51,64,56,26482
2013,51,65,44,38057
2013,51,66,17,33340
2013,51,67,8,10520
2013,51,68,55,25473
2013,51,69,199,117512
2013,51,70,405,268784
2013,51,71,20,20563
2013,51,72,9,21869
2013,51,73,43,36923
2013,51,74,60,41261
2013,51,75,50,29919
2013,51,76,31,27160
2013,51,77,30,23153
2013,54,23,1,4436
2013,54,39,16,16064
2013,54,41,85,58714
2013,54,42,50,40805
2013,54,45,88,55883
2013,54,46,17,15690
2013,54,47,20,15974
2013,54,48,169,248643
2013,54,49,76,26174
2013,54,50,295,210183
2013,54,51,79,67659
2013,54,54,120,702263
2013,54,55,45,24783
2013,54,56,34,16299
2013,54,57,18,16291
2013,54,58,3,5124
2013,54,59,2,6037
2013,54,60,247,498166
2013,54,61,98,93524
2013,54,62,17,9498
2013,54,63,65,32402
2013,54,64,11,3060
2013,54,65,122,109551
2013,54,66,9,11980
2013,54,67,8,209942
2013,54,68,42,33612
2013,54,69,89,44528
2013,54,70,285,247241
2013,54,71,17,55862
2013,54,72,24,23920
2013,54,73,27,40887
2013,54,74,144,149142
2013,54,75,90,98907
2013,54,76,30,45982
2013,54,77,54,40546
2013,55,39,87,55147
2013,55,41,127,44994
2013,55,42,51,22792
2013,55,45,117,70388
2013,55,46,98,89579
2013,55,47,52,24906
2013,55,48,113,137817
2013,55,49,62,20270
2013,55,50,125,73753
2013,55,51,13,2887
2013,55,54,67,24240
2013,55,55,88,702545
2013,55,56,58,18568
2013,55,57,167,78000
2013,55,58,5,5917
2013,55,59,55,45504
2013,55,60,176,165651
2013,55,61,289,122708
2013,55,62,64,26667
2013,55,63,78,30277
2013,55,64,108,115665
2013,55,65,153,132752
2013,55,66,65,65454
2013,55,67,107,91187
2013,55,68,80,43412
2013,55,69,237,140802
2013,55,70,288,192919
2013,55,71,24,22412
2013,55,72,52,36445
2013,55,73,51,48361
2013,55,74,19,13749
2013,55,75,53,19029
2013,55,76,124,67068
2013,55,77,96,57885
2013,56,39,51,87391
2013,56,41,23,41876
2013,56,42,71,26125
2013,56,45,97,33275
2013,56,46,28,69124
2013,56,47,28,46011
2013,56,48,115,74957
2013,56,49,114,98960
2013,56,50,78,69408
2013,56,51,46,18201
2013,56,54,57,47943
2013,56,55,101,15810
2013,56,56,66,403143
2013,56,57,19,10001
2013,56,58,18,17307
2013,56,59,23,301835
2013,56,60,175,287595
2013,56,61,150,140475
2013,56,62,20,14087
2013,56,63,50,23289
2013,56,64,75,44586
2013,56,65,69,71831
2013,56,66,29,62786
2013,56,67,28,23957
2013,56,68,24,11273
2013,56,69,84,62791
2013,56,70,205,156948
2013,56,71,40,104659
2013,56,72,30,56494
2013,56,73,50,69641
2013,56,74,18,9655
2013,56,75,15,40027
2013,56,76,87,64760
2013,56,77,26,28906
2013,57,39,61,98640
2013,57,41,30,22900
2013,57,42,10,10242
2013,57,45,56,29879
2013,57,46,25,16029
2013,57,47,33,15866
2013,57,48,17,85897
2013,57,49,62,35790
2013,57,50,64,68479
2013,57,51,23,18391
2013,57,54,14,10971
2013,57,55,77,37223
2013,57,56,21,13513
2013,57,57,110,948152
2013,57,58,13,12858
2013,57,59,19,11818
2013,57,60,53,123307
2013,57,61,21,21132
2013,57,62,49,19475
2013,57,63,33,17899
2013,57,64,64,32670
2013,57,65,72,38426
2013,57,66,80,306807
2013,57,67,84,47212
2013,57,68,31,27752
2013,57,69,99,83518
2013,57,70,331,120505
2013,57,71,31,19592
2013,57,72,62,37866
2013,57,73,24,48633
2013,57,74,56,46622
2013,57,75,41,50610
2013,57,76,63,160214
2013,57,77,76,42851
2013,58,39,77,248915
2013,58,41,4,84042
2013,58,42,4,3630
2013,58,45,15,49856
2013,58,46,7,7750
2013,58,47,49,46973
2013,58,48,9,15385
2013,58,49,16,21188
2013,58,50,31,37781
2013,58,54,4,5194
2013,58,55,4,4019
2013,58,56,22,19068
2013,58,57,15,11394
2013,58,58,76,144653
2013,58,59,16,33536
2013,58,60,22,92428
2013,58,61,11,10660
2013,58,62,6,5150
2013,58,63,6,5336
2013,58,64,20,16663
2013,58,65,75,58658
2013,58,66,62,31132
2013,58,67,17,39066
2013,58,68,11,10454
2013,58,69,31,21478
2013,58,70,69,47052
2013,58,71,29,41577
2013,58,72,27,30449
2013,58,73,21,45767
2013,58,74,21,70372
2013,58,75,9,35608
2013,58,76,95,142240
2013,58,77,43,47507
2013,59,39,56,40011
2013,59,41,9,7704
2013,59,42,11,11502
2013,59,45,18,20142
2013,59,46,7,6316
2013,59,47,49,38869
2013,59,48,48,48284
2013,59,49,4,4419
2013,59,50,26,28186
2013,59,51,9,8515
2013,59,54,1,1016
2013,59,55,39,28258
2013,59,56,42,31692
2013,59,57,23,10350
2013,59,58,18,18214
2013,59,59,42,215236
2013,59,60,45,101203
2013,59,61,13,15340
2013,59,62,4,5577
2013,59,63,11,9414
2013,59,64,20,26061
2013,59,65,100,77305
2013,59,66,83,33256
2013,59,67,42,36938
2013,59,68,45,48194
2013,59,69,13,11860
2013,59,70,162,113685
2013,59,71,23,123676
2013,59,72,67,44721
2013,59,73,10,60293
2013,59,74,52,48171
2013,59,75,23,28301
2013,59,76,84,60777
2013,59,77,43,38748
2013,60,39,138,249888
2013,60,41,121,96581
2013,60,42,143,114629
2013,60,45,74,65157
2013,60,46,92,119539
2013,60,47,68,69359
2013,60,48,157,362332
2013,60,49,117,87652
2013,60,50,492,562610
2013,60,51,142,100998
2013,60,54,123,204788
2013,60,55,196,117380
2013,60,56,130,125400
2013,60,57,43,105009
2013,60,58,10,18065
2013,60,59,63,100824
2013,60,60,503,2226162
2013,60,61,186,213514
2013,60,62,29,28593
2013,60,63,99,123571
2013,60,64,19,25631
2013,60,65,21,274597
2013,60,66,68,124925
2013,60,67,25,48238
2013,60,68,61,61309
2013,60,69,70,86569
2013,60,70,185,217457
2013,60,71,134,346235
2013,60,72,93,139253
2013,60,73,137,550384
2013,60,74,523,323735
2013,60,75,136,206891
2013,60,76,234,409223
2013,60,77,154,154798
2013,61,39,32,27601
2013,61,41,40,32338
2013,61,42,40,40814
2013,61,45,23,24736
2013,61,46,27,38483
2013,61,47,88,80293
2013,61,48,120,138843
2013,61,49,126,56879
2013,61,50,458,317143
2013,61,51,117,89543
2013,61,54,74,50535
2013,61,55,200,95664
2013,61,56,105,70149
2013,61,57,26,17920
2013,61,58,12,18673
2013,61,59,8,11797
2013,61,60,216,306228
2013,61,61,139,453676
2013,61,62,137,48936
2013,61,63,135,53211
2013,61,64,47,22417
2013,61,65,132,98203
2013,61,66,49,59114
2013,61,67,34,37285
2013,61,68,86,41299
2013,61,69,92,23578
2013,61,70,177,65875
2013,61,71,39,49355
2013,61,72,13,11309
2013,61,73,22,35006
2013,61,74,329,246374
2013,61,75,76,56505
2013,61,76,77,77249
2013,61,77,188,165982
2013,62,39,66,41002
2013,62,41,73,44391
2013,62,42,18,15566
2013,62,45,34,28175
2013,62,46,25,15813
2013,62,47,73,42151
2013,62,48,17,15128
2013,62,49,168,44995
2013,62,50,123,82226
2013,62,51,28,9802
2013,62,54,39,20690
2013,62,55,72,28780
2013,62,56,33,78246
2013,62,57,65,44538
2013,62,58,8,7301
2013,62,59,4,4157
2013,62,60,50,54603
2013,62,61,177,48607
2013,62,62,62,367759
2013,62,63,38,6389
2013,62,64,152,57881
2013,62,65,60,65239
2013,62,66,12,12285
2013,62,67,10,10938
2013,62,68,49,24486
2013,62,69,127,58073
2013,62,70,284,396214
2013,62,71,39,58957
2013,62,72,41,90543
2013,62,73,73,68597
2013,62,74,84,44475
2013,62,75,24,36540
2013,62,76,106,49869
2013,62,77,317,84943
2013,63,39,71,34424
2013,63,41,54,25338
2013,63,42,28,16426
2013,63,45,33,17781
2013,63,46,18,15940
2013,63,47,32,11888
2013,63,48,39,53555
2013,63,49,39,16764
2013,63,50,83,47557
2013,63,51,26,11049
2013,63,54,65,86973
2013,63,55,23,23731
2013,63,56,31,32635
2013,63,57,83,31227
2013,63,58,8,12607
2013,63,59,19,26329
2013,63,60,91,104806
2013,63,61,160,61196
2013,63,62,22,22898
2013,63,63,70,287036
2013,63,64,233,68274
2013,63,65,58,45437
2013,63,66,83,66605
2013,63,67,38,295747
2013,63,68,37,64697
2013,63,69,134,72623
2013,63,70,274,167298
2013,63,71,53,31610
2013,63,72,36,45207
2013,63,73,46,54930
2013,63,74,129,54561
2013,63,75,20,7411
2013,63,76,79,31895
2013,63,77,107,86708
2013,64,39,65,48445
2013,64,41,28,23146
2013,64,42,27,21554
2013,64,45,21,14675
2013,64,46,57,107469
2013,64,47,115,75854
2013,64,48,95,69101
2013,64,49,77,33199
2013,64,50,182,134322
2013,64,51,50,53826
2013,64,54,17,18125
2013,64,55,118,53949
2013,64,56,46,25558
2013,64,57,106,53435
2013,64,58,16,30083
2013,64,59,14,92135
2013,64,60,34,52522
2013,64,61,43,59525
2013,64,62,88,15456
2013,64,63,164,46822
2013,64,64,108,276643
2013,64,65,113,61956
2013,64,66,39,43433
2013,64,67,46,43157
2013,64,68,87,36309
2013,64,69,139,39447
2013,64,70,196,74409
2013,64,71,55,56047
2013,64,72,29,30182
2013,64,73,38,66176
2013,64,74,87,64937
2013,64,75,43,27652
2013,64,76,145,114974
2013,64,77,495,185155
2013,65,39,130,102273
2013,65,41,11,13569
2013,65,42,10,12754
2013,65,45,8,9882
2013,65,46,10,13642
2013,65,47,58,52987
2013,65,48,37,42473
2013,65,49,35,28618
2013,65,50,188,270408
2013,65,51,31,30428
2013,65,54,58,51342
2013,65,55,108,341297
2013,65,56,80,68312
2013,65,57,75,44843
2013,65,58,26,19829
2013,65,59,101,85402
2013,65,60,20,29822
2013,65,61,158,82055
2013,65,62,34,25924
2013,65,63,29,21869
2013,65,64,53,32410
2013,65,65,107,301592
2013,65,66,83,55437
2013,65,67,60,43554
2013,65,68,32,22635
2013,65,69,201,61578
2013,65,70,807,220558
2013,65,71,45,64487
2013,65,72,263,130268
2013,65,73,8,17030
2013,65,74,31,36889
2013,65,75,9,8996
2013,65,76,86,66463
2013,65,77,39,50085
2013,66,39,204,150508
2013,66,41,28,44183
2013,66,42,13,15147
2013,66,45,57,51822
2013,66,46,27,27750
2013,66,47,74,50790
2013,66,48,22,28617
2013,66,49,45,48254
2013,66,50,46,55255
2013,66,51,32,32407
2013,66,54,9,10996
2013,66,55,67,72573
2013,66,56,30,28974
2013,66,57,71,40544
2013,66,58,37,181031
2013,66,59,45,26532
2013,66,60,64,117528
2013,66,61,54,58084
2013,66,62,16,13309
2013,66,63,90,67907
2013,66,64,68,71811
2013,66,65,72,164466
2013,66,66,90,688010
2013,66,67,74,43560
2013,66,68,37,27524
2013,66,69,41,40885
2013,66,70,146,120123
2013,66,71,33,23946
2013,66,72,285,147463
2013,66,73,35,42142
2013,66,74,73,93001
2013,66,75,69,72073
2013,66,76,236,211276
2013,66,77,234,186921
2013,67,39,211,132369
2013,67,41,14,15182
2013,67,42,19,32887
2013,67,45,32,48525
2013,67,46,61,44411
2013,67,47,69,65261
2013,67,48,19,45431
2013,67,49,26,50858
2013,67,50,61,62869
2013,67,51,11,23546
2013,67,54,9,21230
2013,67,55,44,38050
2013,67,56,39,44353
2013,67,57,67,30301
2013,67,58,12,100928
2013,67,59,23,182879
2013,67,60,35,86404
2013,67,61,38,40402
2013,67,62,15,11380
2013,67,63,30,22247
2013,67,64,47,42743
2013,67,65,69,43216
2013,67,66,73,78650
2013,67,67,136,775214
2013,67,68,82,62631
2013,67,69,70,57470
2013,67,70,260,210237
2013,67,71,58,43435
2013,67,72,120,69793
2013,67,73,42,88410
2013,67,74,88,79973
2013,67,75,72,80392
2013,67,76,348,241936
2013,67,77,163,129206
2013,68,39,38,45822
2013,68,41,21,13252
2013,68,42,9,17511
2013,68,45,10,5827
2013,68,46,19,11822
2013,68,47,28,8649
2013,68,48,17,35408
2013,68,49,68,36433
2013,68,50,71,109014
2013,68,51,44,53975
2013,68,54,37,24963
2013,68,55,44,112723
2013,68,56,18,9122
2013,68,57,74,130845
2013,68,58,8,6314
2013,68,59,23,37150
2013,68,60,42,140428
2013,68,61,49,44686
2013,68,62,26,18428
2013,68,63,15,85740
2013,68,64,100,48329
2013,68,65,37,29221
2013,68,66,42,37292
2013,68,67,76,55460
2013,68,68,63,553283
2013,68,69,131,51197
2013,68,70,248,100940
2013,68,71,30,50132
2013,68,72,25,122257
2013,68,73,49,38045
2013,68,74,67,71433
2013,68,75,24,37185
2013,68,76,19,38532
2013,68,77,100,29855
2013,69,35,2,38119
2013,69,39,349,245910
2013,69,41,31,30096
2013,69,42,34,33438
2013,69,45,28,22815
2013,69,46,34,33657
2013,69,47,42,31649
2013,69,48,28,55878
2013,69,49,64,60213
2013,69,50,159,154063
2013,69,51,76,47601
2013,69,54,26,25108
2013,69,55,81,63761
2013,69,56,61,50197
2013,69,57,329,130690
2013,69,58,15,13686
2013,69,59,51,42492
2013,69,60,34,54571
2013,69,61,79,23771
2013,69,62,90,90845
2013,69,63,108,63672
2013,69,64,45,15997
2013,69,65,716,198101
2013,69,66,79,75650
2013,69,67,160,132238
2013,69,68,70,101146
2013,69,69,57,251840
2013,69,70,31,89559
2013,69,71,33,27699
2013,69,72,89,64731
2013,69,73,12,15417
2013,69,74,113,85048
2013,69,75,51,46139
2013,69,76,73,56713
2013,69,77,130,97905
2013,70,2,1,17662
2013,70,39,131,170132
2013,70,41,133,114284
2013,70,42,186,157412
2013,70,45,90,78414
2013,70,46,17,18347
2013,70,47,100,74822
2013,70,48,122,126638
2013,70,49,243,147635
2013,70,50,481,444356
2013,70,51,470,336998
2013,70,54,251,156086
2013,70,55,414,292894
2013,70,56,124,172773
2013,70,57,167,73840
2013,70,58,57,45164
2013,70,59,83,80025
2013,70,60,210,308108
2013,70,61,215,62560
2013,70,62,221,109549
2013,70,63,258,242789
2013,70,64,186,70224
2013,70,65,411,202111
2013,70,66,94,107537
2013,70,67,112,94940
2013,70,68,291,131301
2013,70,69,18,56415
2013,70,70,101,767898
2013,70,71,84,83417
2013,70,72,114,120060
2013,70,73,103,108309
2013,70,74,383,282683
2013,70,75,143,136705
2013,70,76,152,109504
2013,70,77,286,195401
2013,71,39,33,188955
2013,71,41,38,20346
2013,71,42,59,39871
2013,71,45,27,26958
2013,71,46,37,75080
2013,71,47,34,61405
2013,71,48,33,184196
2013,71,49,27,34516
2013,71,50,115,314741
2013,71,51,12,9703
2013,71,54,17,18262
2013,71,55,26,14788
2013,71,56,57,79525
2013,71,57,33,155118
2013,71,58,17,11699
2013,71,59,45,43173
2013,71,60,159,465422
2013,71,61,36,34681
2013,71,62,37,20033
2013,71,63,161,62780
2013,71,64,62,42470
2013,71,65,93,86817
2013,71,66,39,55467
2013,71,67,94,64515
2013,71,68,33,25302
2013,71,69,60,42746
2013,71,70,92,58449
2013,71,71,175,1918102
2013,71,72,49,50881
2013,71,73,80,110482
2013,71,74,101,73665
2013,71,75,47,203548
2013,71,76,36,270155
2013,71,77,57,46696
2013,72,39,97,112684
2013,72,41,34,23291
2013,72,42,9,8730
2013,72,45,20,18979
2013,72,46,17,14827
2013,72,47,37,43438
2013,72,48,28,69948
2013,72,49,14,11121
2013,72,50,57,58022
2013,72,51,5,4433
2013,72,54,20,22139
2013,72,55,50,35754
2013,72,56,23,38045
2013,72,57,42,17243
2013,72,58,46,22930
2013,72,59,67,346149
2013,72,60,97,224309
2013,72,61,19,15638
2013,72,62,34,21841
2013,72,63,12,7520
2013,72,64,61,47288
2013,72,65,266,145336
2013,72,66,298,127426
2013,72,67,139,137295
2013,72,68,18,11410
2013,72,69,29,19937
2013,72,70,176,99449
2013,72,71,49,253145
2013,72,72,84,1145706
2013,72,73,20,26044
2013,72,74,63,52024
2013,72,75,22,13594
2013,72,76,163,225047
2013,72,77,98,71411
2013,73,39,95,109653
2013,73,41,93,30233
2013,73,42,64,39193
2013,73,45,50,36240
2013,73,46,36,33892
2013,73,47,71,39661
2013,73,48,38,159908
2013,73,49,89,62455
2013,73,50,116,136648
2013,73,51,151,97700
2013,73,54,37,37367
2013,73,55,92,66045
2013,73,56,75,35475
2013,73,57,31,28198
2013,73,58,14,17457
2013,73,59,19,70737
2013,73,60,103,186679
2013,73,61,60,70091
2013,73,62,78,272978
2013,73,63,44,35323
2013,73,64,38,36700
2013,73,65,35,58917
2013,73,66,56,136465
2013,73,67,78,80144
2013,73,68,41,32611
2013,73,69,65,66110
2013,73,70,198,202803
2013,73,71,73,132263
2013,73,72,38,83160
2013,73,73,139,908265
2013,73,74,149,140487
2013,73,75,159,65788
2013,73,76,150,122584
2013,73,77,295,183480
2013,74,39,52,38360
2013,74,41,32,23768
2013,74,42,63,40994
2013,74,45,14,8025
2013,74,46,24,20826
2013,74,47,46,50524
2013,74,48,90,73163
2013,74,49,181,48052
2013,74,50,23,171958
2013,74,51,45,72953
2013,74,54,204,255301
2013,74,55,34,8629
2013,74,56,10,77245
2013,74,57,34,26205
2013,74,58,17,81599
2013,74,59,32,107805
2013,74,60,509,461306
2013,74,61,444,269231
2013,74,62,29,58539
2013,74,63,142,68887
2013,74,64,104,59704
2013,74,65,52,52820
2013,74,66,38,50799
2013,74,67,54,66021
2013,74,68,65,90937
2013,74,69,226,168591
2013,74,70,348,256599
2013,74,71,61,104757
2013,74,72,45,43043
2013,74,73,93,85049
2013,74,74,113,779822
2013,74,75,114,41705
2013,74,76,112,151926
2013,74,77,66,34084
2013,75,39,103,111262
2013,75,41,28,20593
2013,75,42,75,22850
2013,75,45,71,21791
2013,75,46,63,30879
2013,75,47,32,19737
2013,75,48,34,77342
2013,75,49,62,21930
2013,75,50,100,101758
2013,75,51,43,34483
2013,75,54,53,40765
2013,75,55,114,28977
2013,75,56,15,43617
2013,75,57,41,36149
2013,75,58,22,24612
2013,75,59,20,20249
2013,75,60,115,295782
2013,75,61,48,35086
2013,75,62,12,25542
2013,75,63,21,10142
2013,75,64,32,19679
2013,75,65,23,22101
2013,75,66,65,55821
2013,75,67,104,109014
2013,75,68,35,17610
2013,75,69,50,39530
2013,75,70,105,80690
2013,75,71,64,120468
2013,75,72,69,128245
2013,75,73,53,36008
2013,75,74,138,71121
2013,75,75,68,308636
2013,75,76,188,238224
2013,75,77,36,207324
2013,76,39,49,167099
2013,76,41,66,38619
2013,76,42,71,70123
2013,76,45,68,57781
2013,76,46,71,88001
2013,76,47,25,9209
2013,76,48,74,244345
2013,76,49,124,91757
2013,76,50,233,422640
2013,76,51,34,25099
2013,76,54,39,30846
2013,76,55,85,101554
2013,76,56,86,44968
2013,76,57,45,93809
2013,76,58,38,30583
2013,76,59,48,135897
2013,76,60,245,488663
2013,76,61,100,74610
2013,76,62,110,108523
2013,76,63,72,24370
2013,76,64,207,174943
2013,76,65,128,131400
2013,76,66,185,169118
2013,76,67,226,218066
2013,76,68,25,108417
2013,76,69,151,125070
2013,76,70,269,260466
2013,76,71,36,139585
2013,76,72,126,107113
2013,76,73,109,235578
2013,76,74,143,141635
2013,76,75,85,161851
2013,76,76,164,1651746
2013,76,77,121,151944
2013,77,39,114,126082
2013,77,41,75,40469
2013,77,42,136,64402
2013,77,45,134,91384
2013,77,46,38,50482
2013,77,47,11,16934
2013,77,48,64,78451
2013,77,49,103,49023
2013,77,50,280,282660
2013,77,51,45,30523
2013,77,54,64,148419
2013,77,55,103,33215
2013,77,56,51,28819
2013,77,57,99,50259
2013,77,58,27,22677
2013,77,59,29,22729
2013,77,60,277,476759
2013,77,61,165,109082
2013,77,62,153,53277
2013,77,63,37,107883
2013,77,64,574,365893
2013,77,65,41,34752
2013,77,66,117,137426
2013,77,67,84,99581
2013,77,68,64,51268
2013,77,69,211,176278
2013,77,70,249,174194
2013,77,71,40,42199
2013,77,72,84,115514
2013,77,73,159,104366
2013,77,74,146,99374
2013,77,75,31,131274
2013,77,76,114,362235
2013,77,77,103,475072
2014,2,2,90,904780
2014,2,3,221,120571
2014,2,4,1037,295430
2014,2,5,337,117525
2014,2,6,571,267948
2014,2,7,502,262616
2014,2,8,92,72938
2014,2,9,345,401925
2014,2,10,313,290250
2014,2,11,420,245738
2014,2,12,44,231263
2014,2,13,317,158777
2014,2,14,17,8792
2014,2,16,282,233943
2014,2,28,1,226853
2014,2,37,1,75844
2014,2,80,10,14385
2014,2,84,251,227705
2014,3,2,151,203180
2014,3,3,213,2028798
2014,3,4,87,43589
2014,3,5,29,105748
2014,3,6,53,38613
2014,3,7,22,27194
2014,3,8,11,193745
2014,3,9,15,32213
2014,3,10,63,32121
2014,3,11,55,54893
2014,3,12,34,45659
2014,3,13,11,18262
2014,3,14,20,22210
2014,3,16,30,72571
2014,3,28,2,19157
2014,3,80,5,7992
2014,3,84,36,28517
2014,4,2,1086,357201
2014,4,3,51,52561
2014,4,4,87,909329
2014,4,5,21,8330
2014,4,6,27,16589
2014,4,7,59,66226
2014,4,8,22,56620
2014,4,9,15,20306
2014,4,10,14,45092
2014,4,11,26,18348
2014,4,12,143,69960
2014,4,13,10,17713
2014,4,14,342,98672
2014,4,16,13,8731
2014,4,70,1,41312
2014,4,80,5,6150
2014,4,84,12,52325
2014,5,2,381,123648
2014,5,3,23,20251
2014,5,4,19,6879
2014,5,5,37,147423
2014,5,6,13,30710
2014,5,7,36,119350
2014,5,8,12,12483
2014,5,9,7,6851
2014,5,10,13,11169
2014,5,11,20,9371
2014,5,12,19,16209
2014,5,13,9,5984
2014,5,14,15,6611
2014,5,16,24,13435
2014,5,80,2,2453
2014,5,84,2,1150
2014,6,2,606,248968
2014,6,3,63,62518
2014,6,4,23,126233
2014,6,5,11,16995
2014,6,6,84,246927
2014,6,7,67,61954
2014,6,8,46,45205
2014,6,9,95,220907
2014,6,10,66,156219
2014,6,11,46,46874
2014,6,12,27,18753
2014,6,13,68,17764
2014,6,14,48,16844
2014,6,16,17,16114
2014,6,80,42,32711
2014,6,84,124,53204
2014,7,2,389,263495
2014,7,3,27,45735
2014,7,4,49,19724
2014,7,5,22,11992
2014,7,6,69,40968
2014,7,7,70,481471
2014,7,8,71,48263
2014,7,9,114,357129
2014,7,10,21,269441
2014,7,11,67,193002
2014,7,12,21,146218
2014,7,13,49,17225
2014,7,14,21,22672
2014,7,16,93,68215
2014,7,76,1,7798
2014,7,80,4,5755
2014,7,84,27,22609
2014,8,2,141,85205
2014,8,3,22,15510
2014,8,4,15,6288
2014,8,5,8,15768
2014,8,6,59,37542
2014,8,7,56,30333
2014,8,8,69,273949
2014,8,9,30,68617
2014,8,10,62,207494
2014,8,11,302,84449
2014,8,12,53,114159
2014,8,13,25,14856
2014,8,14,9,8485
2014,8,16,56,23831
2014,8,31,3,20500
2014,8,80,5,8140
2014,8,84,15,8554
2014,9,2,200,174273
2014,9,3,23,40392
2014,9,4,27,19945
2014,9,5,11,10861
2014,9,6,88,81020
2014,9,7,45,42006
2014,9,8,36,141770
2014,9,9,116,1073983
2014,9,10,64,101045
2014,9,11,83,68564
2014,9,12,16,17647
2014,9,13,30,33612
2014,9,14,10,9244
2014,9,16,18,24620
2014,9,37,2,155451
2014,9,80,41,62380
2014,9,84,92,166014
2014,10,2,484,384637
2014,10,3,64,42596
2014,10,4,12,6661
2014,10,5,36,20800
2014,10,6,56,24538
2014,10,7,88,39911
2014,10,8,278,88477
2014,10,9,67,110109
2014,10,10,136,429138
2014,10,11,65,45769
2014,10,12,41,30710
2014,10,13,28,23986
2014,10,14,15,9661
2014,10,16,32,37836
2014,10,80,13,15646
2014,10,84,12,117837
2014,11,2,236,145559
2014,11,3,47,127311
2014,11,4,24,15687
2014,11,5,18,48110
2014,11,6,37,22268
2014,11,7,34,47609
2014,11,8,44,20600
2014,11,9,110,75546
2014,11,10,44,199292
2014,11,11,79,600832
2014,11,12,38,48627
2014,11,13,23,11174
2014,11,14,6,3482
2014,11,16,60,178542
2014,11,80,5,11497
2014,11,84,30,18240
2014,12,2,49,33854
2014,12,3,27,29482
2014,12,4,109,54942
2014,12,5,12,14077
2014,12,6,21,14503
2014,12,7,22,9688
2014,12,8,45,14693
2014,12,9,15,17927
2014,12,10,16,33487
2014,12,11,37,63756
2014,12,12,68,706258
2014,12,13,37,15469
2014,12,14,14,13626
2014,12,16,72,92271
2014,12,80,7,56593
2014,12,84,15,15435
2014,13,2,361,173274
2014,13,3,11,11707
2014,13,4,6,3887
2014,13,5,10,8229
2014,13,6,81,136056
2014,13,7,39,13615
2014,13,8,40,23408
2014,13,9,34,21903
2014,13,10,35,15169
2014,13,11,35,14923
2014,13,12,46,15740
2014,13,13,41,216820
2014,13,14,81,33220
2014,13,16,26,18439
2014,13,80,5,4337
2014,13,84,17,103552
2014,14,2,19,171166
2014,14,3,30,83314
2014,14,4,357,77151
2014,14,5,14,721537
2014,14,6,84,30703
2014,14,7,21,13743
2014,14,8,11,9716
2014,14,9,16,94997
2014,14,10,10,7272
2014,14,11,22,19146
2014,14,12,16,27515
2014,14,13,85,43544
2014,14,14,91,359831
2014,14,16,5,5434
2014,14,80,55,69624
2014,14,84,16,11487
2014,16,2,280,192608
2014,16,3,17,15913
2014,16,4,13,9122
2014,16,5,33,20058
2014,16,6,21,17616
2014,16,7,91,50184
2014,16,8,61,105631
2014,16,9,13,23098
2014,16,10,33,19465
2014,16,11,56,46787
2014,16,12,70,20384
2014,16,13,23,13265
2014,16,14,4,3608
2014,16,16,40,165750
2014,16,80,10,13300
2014,16,84,3,2623
2014,21,21,7,21671
2014,21,22,56,14578
2014,21,23,1,385
2014,21,24,10,15622
2014,21,25,4,1982
2014,21,34,1,4119
2014,21,35,2,4122
2014,21,37,1,2654
2014,21,83,3,3163
2014,22,21,81,73772
2014,22,22,74,941426
2014,22,23,28,16265
2014,22,24,49,14788
2014,22,25,48,758513
2014,22,26,74,36183
2014,22,28,1,16744
2014,22,34,18,216307
2014,22,35,4,29672
2014,22,36,1,2457
2014,22,37,2,5241
2014,22,38,1,2561
2014,22,70,2,44971
2014,22,83,138,40429
2014,23,21,1,521
2014,23,22,26,57188
2014,23,23,41,336014
2014,23,24,18,28670
2014,23,25,10,3515
2014,23,26,8,2218
2014,23,35,1,3206
2014,23,83,4,9678
2014,24,21,8,2072
2014,24,22,47,14345
2014,24,23,14,6349
2014,24,24,24,186244
2014,24,25,4,86890
2014,24,26,1,269
2014,24,32,1,69840
2014,24,37,1,1463
2014,24,83,8,7721
2014,25,21,3,1075
2014,25,22,44,31759
2014,25,23,12,3599
2014,25,24,3,18124
2014,25,25,17,95732
2014,25,26,4,59857
2014,25,35,2,10232
2014,25,36,1,3347
2014,25,83,2,2165
2014,26,21,1,300
2014,26,22,45,23824
2014,26,23,8,2189
2014,26,24,2,13706
2014,26,25,5,18057
2014,26,26,13,77252
2014,26,37,2,10005
2014,27,13,1,54178
2014,27,27,99,1334375
2014,27,28,1166,465391
2014,27,29,23,61884
2014,27,30,27,17334
2014,27,31,25,22218
2014,27,32,43,33579
2014,27,33,38,185785
2014,27,34,1,28527
2014,27,35,1,2657
2014,27,36,2,11901
2014,27,38,4,10441
2014,28,2,1,189876
2014,28,27,1273,451944
2014,28,28,259,2012996
2014,28,29,68,148525
2014,28,30,406,172892
2014,28,31,120,123801
2014,28,32,854,658403
2014,28,33,188,142057
2014,28,34,3,73274
2014,28,35,5,21679
2014,28,36,3,25873
2014,28,37,1,3323
2014,28,38,8,15430
2014,28,70,1,6298
2014,29,8,1,28712
2014,29,22,1,12119
2014,29,27,20,18965
2014,29,28,52,218984
2014,29,29,65,2078353
2014,29,30,4,4822
2014,29,31,783,322392
2014,29,32,5,213731
2014,29,33,153,84914
2014,29,34,15,146935
2014,29,35,4,6922
2014,29,36,29,33733
2014,29,38,21,23286
2014,29,67,2,62922
2014,30,27,50,29607
2014,30,28,739,454101
2014,30,29,5,7328
2014,30,30,84,583819
2014,30,31,3,7260
2014,30,32,21,12433
2014,30,33,3,2486
2014,31,27,18,23844
2014,31,28,100,102561
2014,31,29,787,268306
2014,31,31,45,863796
2014,31,32,10,11644
2014,31,33,45,33477
2014,31,35,36,56955
2014,31,36,18,21064
2014,31,37,1,9984
2014,31,38,13,20379
2014,31,70,1,7131
2014,31,72,1,56649
2014,32,2,2,156137
2014,32,27,63,131103
2014,32,28,993,539592
2014,32,29,11,16397
2014,32,30,18,10361
2014,32,31,14,533130
2014,32,32,95,703589
2014,32,33,9,16605
2014,32,38,2,103060
2014,33,9,2,21088
2014,33,27,46,282192
2014,33,28,203,784322
2014,33,29,157,72181
2014,33,30,1,973
2014,33,31,43,64368
2014,33,32,7,13117
2014,33,33,78,948100
2014,33,35,7,31120
2014,33,36,8,46795
2014,33,38,6,170314
2014,34,21,1,1262
2014,34,22,4,7060
2014,34,24,2,4581
2014,34,27,1,3044
2014,34,28,8,45084
2014,34,29,21,36096
2014,34,30,1,4048
2014,34,31,4,7243
2014,34,32,1,72535
2014,34,33,2,4803
2014,34,34,197,1838263
2014,34,35,50,384982
2014,34,36,234,357141
2014,34,37,343,130992
2014,34,38,115,123893
2014,34,70,2,153666
2014,35,21,3,6904
2014,35,22,1,1410
2014,35,23,2,3837
2014,35,24,1,1395
2014,35,28,2,23582
2014,35,29,4,6897
2014,35,30,1,4759
2014,35,31,33,53931
2014,35,32,1,4333
2014,35,33,4,11321
2014,35,34,36,559276
2014,35,35,464,3169853
2014,35,36,95,205121
2014,35,37,90,144157
2014,35,38,45,53069
2014,36,27,5,10304
2014,36,28,3,4946
2014,36,29,36,131642
2014,36,30,1,4072
2014,36,31,4,9981
2014,36,33,5,7818
2014,36,34,153,185248
2014,36,35,137,212873
2014,36,36,87,1429633
2014,36,37,39,135112
2014,36,38,42,15490
2014,36,56,1,56583
2014,36,70,1,3553
2014,37,25,2,2820
2014,37,28,1,8357
2014,37,29,6,17886
2014,37,30,1,3571
2014,37,33,2,5321
2014,37,34,395,404134
2014,37,35,158,142919
2014,37,36,51,61154
2014,37,37,78,907200
2014,37,38,31,34551
2014,38,27,1,1808
2014,38,28,7,12369
2014,38,29,24,104401
2014,38,30,1,4517
2014,38,31,9,9376
2014,38,32,1,2139
2014,38,33,13,20827
2014,38,34,95,147007
2014,38,35,62,113261
2014,38,36,50,106774
2014,38,37,39,61467
2014,38,38,36,668200
2014,39,39,315,2739574
2014,39,41,76,54497
2014,39,42,67,84084
2014,39,45,88,132594
2014,39,46,244,289320
2014,39,47,105,61838
2014,39,48,73,229608
2014,39,49,71,49660
2014,39,50,276,383556
2014,39,51,47,70920
2014,39,54,41,51181
2014,39,55,243,141904
2014,39,56,190,129047
2014,39,57,136,106342
2014,39,58,204,324701
2014,39,59,168,423925
2014,39,60,286,892592
2014,39,61,106,105616
2014,39,62,387,200437
2014,39,63,80,47277
2014,39,64,101,68837
2014,39,65,377,260849
2014,39,66,612,445096
2014,39,67,1083,756460
2014,39,68,60,144143
2014,39,69,1056,549185
2014,39,70,1220,727028
2014,39,71,88,522589
2014,39,72,391,549791
2014,39,73,112,448829
2014,39,74,187,238146
2014,39,75,166,217348
2014,39,76,146,338609
2014,39,77,468,587215
2014,39,82,44,36668
2014,41,39,260,189941
2014,41,41,175,1185877
2014,41,42,38,43012
2014,41,45,40,46020
2014,41,46,35,62293
2014,41,47,80,360030
2014,41,48,62,95342
2014,41,49,120,60141
2014,41,50,119,149880
2014,41,51,109,113962
2014,41,54,102,57535
2014,41,55,309,159778
2014,41,56,66,49801
2014,41,57,71,105648
2014,41,58,22,41161
2014,41,59,37,257398
2014,41,60,352,499889
2014,41,61,317,271709
2014,41,62,100,53508
2014,41,63,122,59511
2014,41,64,103,68029
2014,41,65,60,67549
2014,41,66,22,23664
2014,41,67,48,42375
2014,41,68,53,72211
2014,41,69,181,225943
2014,41,70,718,665500
2014,41,71,101,78950
2014,41,72,87,57821
2014,41,73,172,176842
2014,41,74,59,26345
2014,41,75,99,30689
2014,41,76,163,85982
2014,41,77,144,43940
2014,41,82,108,57288
2014,42,39,84,63950
2014,42,41,39,43610
2014,42,42,255,869537
2014,42,45,272,82666
2014,42,46,48,60783
2014,42,47,56,60896
2014,42,48,78,71380
2014,42,49,170,82800
2014,42,50,143,145138
2014,42,51,84,26248
2014,42,54,112,84575
2014,42,55,137,51665
2014,42,56,215,48160
2014,42,57,29,34418
2014,42,58,7,10486
2014,42,59,26,22736
2014,42,60,408,293842
2014,42,61,318,243748
2014,42,62,34,67935
2014,42,63,116,49628
2014,42,64,48,65596
2014,42,65,39,52091
2014,42,66,28,29867
2014,42,67,72,151506
2014,42,68,16,12666
2014,42,69,203,231629
2014,42,70,640,636400
2014,42,71,125,100279
2014,42,72,31,29206
2014,42,73,99,152461
2014,42,74,91,38180
2014,42,75,105,54828
2014,42,76,139,84100
2014,42,77,279,240558
2014,42,82,100,54548
2014,45,22,1,3237
2014,45,39,184,118533
2014,45,41,52,21832
2014,45,42,366,131715
2014,45,45,108,501205
2014,45,46,14,30513
2014,45,47,113,66144
2014,45,48,34,65227
2014,45,49,148,82533
2014,45,50,280,136560
2014,45,51,78,33746
2014,45,54,269,187542
2014,45,55,408,195656
2014,45,56,206,54145
2014,45,57,168,107236
2014,45,58,25,78973
2014,45,59,14,12344
2014,45,60,123,107178
2014,45,61,171,142273
2014,45,62,62,39650
2014,45,63,126,61518
2014,45,64,122,114124
2014,45,65,56,60443
2014,45,66,66,77519
2014,45,67,71,69534
2014,45,68,273,164418
2014,45,69,208,174711
2014,45,70,620,549241
2014,45,71,132,311784
2014,45,72,95,84405
2014,45,73,80,158548
2014,45,74,55,25410
2014,45,75,249,163721
2014,45,76,239,174836
2014,45,77,580,314463
2014,45,82,52,36926
2014,46,39,271,197862
2014,46,41,38,57755
2014,46,42,44,66904
2014,46,45,12,163379
2014,46,46,152,1162581
2014,46,47,60,70269
2014,46,48,65,111309
2014,46,49,23,14967
2014,46,50,164,180806
2014,46,51,58,37261
2014,46,54,102,97627
2014,46,55,117,177299
2014,46,56,180,134563
2014,46,57,35,34135
2014,46,58,16,47652
2014,46,59,16,36158
2014,46,60,213,724546
2014,46,61,32,46553
2014,46,62,38,23348
2014,46,63,50,99019
2014,46,64,34,83052
2014,46,65,39,48589
2014,46,66,39,86100
2014,46,67,94,88682
2014,46,68,66,45696
2014,46,69,144,172954
2014,46,70,69,138866
2014,46,71,91,314324
2014,46,72,54,66590
2014,46,73,73,241760
2014,46,74,63,118921
2014,46,75,81,149735
2014,46,76,85,59016
2014,46,77,104,111036
2014,46,82,64,200198
2014,47,39,123,155637
2014,47,41,74,28323
2014,47,42,69,106487
2014,47,45,92,67245
2014,47,46,320,108802
2014,47,47,108,752104
2014,47,48,42,103237
2014,47,49,83,45786
2014,47,50,221,175515
2014,47,51,68,34271
2014,47,54,58,41463
2014,47,55,179,66314
2014,47,56,69,39080
2014,47,57,63,27713
2014,47,58,42,32548
2014,47,59,41,117368
2014,47,60,175,391772
2014,47,61,111,130697
2014,47,62,62,99498
2014,47,63,101,108326
2014,47,64,242,106855
2014,47,65,195,163686
2014,47,66,162,137880
2014,47,67,200,135715
2014,47,68,60,32503
2014,47,69,213,150848
2014,47,70,394,273266
2014,47,71,70,162947
2014,47,72,126,158422
2014,47,73,175,109405
2014,47,74,159,146490
2014,47,75,124,119513
2014,47,76,137,132188
2014,47,77,33,50876
2014,47,82,109,78626
2014,48,39,62,241142
2014,48,41,59,48354
2014,48,42,74,41568
2014,48,45,36,26504
2014,48,46,49,58270
2014,48,47,34,97812
2014,48,48,294,1606730
2014,48,49,68,38062
2014,48,50,350,556463
2014,48,51,109,125174
2014,48,54,290,158700
2014,48,55,101,52267
2014,48,56,224,91465
2014,48,57,35,35350
2014,48,58,12,21063
2014,48,59,20,61157
2014,48,60,545,1431990
2014,48,61,195,238972
2014,48,62,27,25941
2014,48,63,49,30461
2014,48,64,136,107292
2014,48,65,42,51664
2014,48,66,51,158322
2014,48,67,44,223868
2014,48,68,34,64043
2014,48,69,210,199511
2014,48,70,625,600591
2014,48,71,67,340011
2014,48,72,60,106292
2014,48,73,92,282675
2014,48,74,741,461214
2014,48,75,98,346156
2014,48,76,82,122395
2014,48,77,56,132877
2014,48,82,29,43368
2014,49,39,89,68917
2014,49,41,102,71021
2014,49,42,96,43477
2014,49,45,161,96513
2014,49,46,42,132517
2014,49,47,58,49791
2014,49,48,75,114333
2014,49,49,124,205530
2014,49,50,333,177520
2014,49,51,31,170788
2014,49,54,180,94977
2014,49,55,91,21261
2014,49,56,170,59796
2014,49,57,216,119595
2014,49,58,8,9924
2014,49,59,19,18061
2014,49,60,164,238936
2014,49,61,639,265361
2014,49,62,147,56273
2014,49,63,184,81978
2014,49,64,263,97215
2014,49,65,302,287641
2014,49,66,47,57175
2014,49,67,65,78926
2014,49,68,179,160415
2014,49,69,408,245965
2014,49,70,713,393830
2014,49,71,72,97335
2014,49,72,49,45294
2014,49,73,59,178672
2014,49,74,205,142889
2014,49,75,130,56313
2014,49,76,110,159352
2014,49,77,69,72891
2014,49,82,124,62644
2014,50,39,341,629229
2014,50,41,104,230317
2014,50,42,165,85134
2014,50,45,242,181723
2014,50,46,125,237269
2014,50,47,216,482183
2014,50,48,629,1137934
2014,50,49,166,80098
2014,50,50,835,4531906
2014,50,51,119,121729
2014,50,54,611,519819
2014,50,55,330,219064
2014,50,56,61,61005
2014,50,57,244,282391
2014,50,58,50,78848
2014,50,59,72,180162
2014,50,60,2826,3609241
2014,50,61,2069,1383137
2014,50,62,187,957565
2014,50,63,354,228151
2014,50,64,381,278464
2014,50,65,667,745352
2014,50,66,117,361941
2014,50,67,201,693033
2014,50,68,390,401138
2014,50,69,794,712852
2014,50,70,1158,1077768
2014,50,71,224,481031
2014,50,72,89,871957
2014,50,73,289,768292
2014,50,74,60,214570
2014,50,75,406,402420
2014,50,76,376,643177
2014,50,77,509,492488
2014,50,82,129,176678
2014,51,39,73,57475
2014,51,41,63,29423
2014,51,42,68,43596
2014,51,45,52,30985
2014,51,46,182,105791
2014,51,47,59,39166
2014,51,48,67,222239
2014,51,49,44,63179
2014,51,50,173,172707
2014,51,51,178,540568
2014,51,54,406,143855
2014,51,55,51,32586
2014,51,56,83,195250
2014,51,57,85,61561
2014,51,58,5,6526
2014,51,59,12,12550
2014,51,60,408,366337
2014,51,61,603,458440
2014,51,62,44,19101
2014,51,63,145,57881
2014,51,64,158,77316
2014,51,65,129,132904
2014,51,66,37,65001
2014,51,67,23,31204
2014,51,68,145,170998
2014,51,69,711,455482
2014,51,70,1814,1347941
2014,51,71,41,118058
2014,51,72,29,49605
2014,51,73,99,121702
2014,51,74,278,128417
2014,51,75,127,48272
2014,51,76,107,157618
2014,51,77,163,154212
2014,51,82,86,42664
2014,54,39,42,47383
2014,54,41,294,174357
2014,54,42,85,60131
2014,54,45,264,192082
2014,54,46,62,41562
2014,54,47,45,41023
2014,54,48,484,427155
2014,54,49,230,119893
2014,54,50,756,563492
2014,54,51,309,217735
2014,54,54,299,1377161
2014,54,55,152,52625
2014,54,56,132,65010
2014,54,57,39,32593
2014,54,58,5,7537
2014,54,59,18,39075
2014,54,60,590,856047
2014,54,61,357,229003
2014,54,62,145,59491
2014,54,63,77,41935
2014,54,64,80,44382
2014,54,65,168,121297
2014,54,66,16,43265
2014,54,67,25,190877
2014,54,68,65,56883
2014,54,69,341,225121
2014,54,70,922,672549
2014,54,71,49,99616
2014,54,72,33,35482
2014,54,73,63,145945
2014,54,74,403,298462
2014,54,75,265,150222
2014,54,76,70,73732
2014,54,77,98,134295
2014,54,82,83,78778
2014,55,39,266,219785
2014,55,41,322,111586
2014,55,42,103,72891
2014,55,45,540,206922
2014,55,46,171,116125
2014,55,47,202,98012
2014,55,48,208,104659
2014,55,49,171,128459
2014,55,50,334,157361
2014,55,51,65,27815
2014,55,54,185,63786
2014,55,55,116,384380
2014,55,56,171,147710
2014,55,57,643,289584
2014,55,58,16,39137
2014,55,59,402,437439
2014,55,60,312,241630
2014,55,61,1196,585227
2014,55,62,98,89758
2014,55,63,425,264002
2014,55,64,638,267456
2014,55,65,663,588501
2014,55,66,247,260943
2014,55,67,272,255476
2014,55,68,315,96433
2014,55,69,1056,639351
2014,55,70,1618,1051379
2014,55,71,74,101116
2014,55,72,316,286283
2014,55,73,200,182328
2014,55,74,92,42132
2014,55,75,119,75068
2014,55,76,568,361968
2014,55,77,163,118288
2014,55,82,461,247866
2014,56,39,207,199732
2014,56,41,23,33005
2014,56,42,155,175646
2014,56,45,414,120319
2014,56,46,72,70096
2014,56,47,66,94735
2014,56,48,419,178079
2014,56,49,383,103453
2014,56,50,233,109177
2014,56,51,103,27004
2014,56,54,221,166172
2014,56,55,706,98359
2014,56,56,120,855504
2014,56,57,62,97970
2014,56,58,17,118752
2014,56,59,28,43521
2014,56,60,545,405131
2014,56,61,598,347195
2014,56,62,48,26754
2014,56,63,77,38821
2014,56,64,247,139152
2014,56,65,97,93998
2014,56,66,70,71969
2014,56,67,149,178778
2014,56,68,62,30686
2014,56,69,596,416496
2014,56,70,974,772935
2014,56,71,81,52722
2014,56,72,84,87078
2014,56,73,153,250668
2014,56,74,54,80422
2014,56,75,37,95391
2014,56,76,279,728964
2014,56,77,89,177807
2014,56,82,509,347825
2014,57,22,1,4148
2014,57,39,168,161079
2014,57,41,100,61024
2014,57,42,40,26352
2014,57,45,218,120484
2014,57,46,45,69513
2014,57,47,57,42889
2014,57,48,65,119424
2014,57,49,183,126177
2014,57,50,210,216796
2014,57,51,88,54686
2014,57,54,26,30398
2014,57,55,380,234316
2014,57,56,67,54036
2014,57,57,154,976063
2014,57,58,19,11248
2014,57,59,53,63727
2014,57,60,120,313234
2014,57,61,99,71446
2014,57,62,108,42547
2014,57,63,155,61996
2014,57,64,122,66136
2014,57,65,312,174258
2014,57,66,141,106083
2014,57,67,216,162315
2014,57,68,59,106839
2014,57,69,474,299920
2014,57,70,1529,675801
2014,57,71,91,84996
2014,57,72,224,105308
2014,57,73,60,139495
2014,57,74,202,156254
2014,57,75,56,51104
2014,57,76,142,88473
2014,57,77,284,205080
2014,57,82,29,37688
2014,58,10,1,80183
2014,58,39,245,225389
2014,58,41,11,21952
2014,58,42,9,12003
2014,58,45,28,82466
2014,58,46,20,19948
2014,58,47,91,73587
2014,58,48,5,17660
2014,58,49,20,18038
2014,58,50,80,114216
2014,58,51,7,7267
2014,58,54,6,6273
2014,58,55,17,15181
2014,58,56,31,26632
2014,58,57,46,27910
2014,58,58,122,754039
2014,58,59,44,173127
2014,58,60,49,256840
2014,58,61,24,75872
2014,58,62,18,17662
2014,58,63,14,11095
2014,58,64,56,51160
2014,58,65,121,82115
2014,58,66,93,71115
2014,58,67,66,141560
2014,58,68,34,28549
2014,58,69,130,106693
2014,58,70,243,160712
2014,58,71,58,251935
2014,58,72,67,496250
2014,58,73,33,67658
2014,58,74,53,173288
2014,58,75,59,52803
2014,58,76,130,128331
2014,58,77,102,152394
2014,58,82,12,60590
2014,59,39,158,222966
2014,59,41,24,22647
2014,59,42,8,6928
2014,59,45,29,36909
2014,59,46,22,20438
2014,59,47,69,42666
2014,59,48,126,172740
2014,59,49,62,65823
2014,59,50,60,66668
2014,59,51,10,9087
2014,59,54,18,24059
2014,59,55,354,282576
2014,59,56,41,36026
2014,59,57,142,143735
2014,59,58,27,133595
2014,59,59,104,894363
2014,59,60,75,161501
2014,59,61,44,54059
2014,59,62,18,13903
2014,59,63,36,26547
2014,59,64,58,50677
2014,59,65,265,172527
2014,59,66,141,94811
2014,59,67,92,51571
2014,59,68,203,156336
2014,59,69,81,64771
2014,59,70,454,338483
2014,59,71,59,249410
2014,59,72,209,148593
2014,59,73,20,56338
2014,59,74,118,93769
2014,59,75,35,41564
2014,59,76,138,104729
2014,59,77,247,181033
2014,59,82,8,10083
2014,60,39,357,621806
2014,60,41,403,376094
2014,60,42,317,244025
2014,60,45,234,204283
2014,60,46,185,270335
2014,60,47,148,164118
2014,60,48,286,544446
2014,60,49,206,138632
2014,60,50,1523,1575627
2014,60,51,347,218078
2014,60,54,370,449262
2014,60,55,589,571055
2014,60,56,545,354924
2014,60,57,114,148536
2014,60,58,32,113349
2014,60,59,142,293786
2014,60,60,958,4244303
2014,60,61,625,672493
2014,60,62,42,73571
2014,60,63,144,131130
2014,60,64,71,238101
2014,60,65,80,114852
2014,60,66,99,341939
2014,60,67,92,386077
2014,60,68,150,200312
2014,60,69,208,409435
2014,60,70,583,729502
2014,60,71,226,623151
2014,60,72,231,378243
2014,60,73,251,482022
2014,60,74,1954,1128312
2014,60,75,342,289165
2014,60,76,478,789449
2014,60,77,430,605789
2014,60,82,117,138566
2014,61,22,1,2525
2014,61,39,101,91776
2014,61,41,393,384888
2014,61,42,251,182655
2014,61,45,156,153268
2014,61,46,88,80145
2014,61,47,240,156349
2014,61,48,204,400554
2014,61,49,467,270738
2014,61,50,2330,1337430
2014,61,51,500,260924
2014,61,54,227,318426
2014,61,55,721,371941
2014,61,56,277,201156
2014,61,57,172,106146
2014,61,58,6,6776
2014,61,59,31,254273
2014,61,60,431,521521
2014,61,61,380,1277456
2014,61,62,343,105816
2014,61,63,582,214370
2014,61,64,108,102023
2014,61,65,321,165008
2014,61,66,73,97684
2014,61,67,78,85431
2014,61,68,255,144018
2014,61,69,501,126621
2014,61,70,746,691356
2014,61,71,125,292339
2014,61,72,84,292355
2014,61,73,95,173231
2014,61,74,1356,755089
2014,61,75,189,264411
2014,61,76,216,199547
2014,61,77,705,621193
2014,61,82,182,167833
2014,62,39,420,221417
2014,62,41,233,106617
2014,62,42,78,90350
2014,62,45,56,59073
2014,62,46,151,90694
2014,62,47,109,90072
2014,62,48,34,56546
2014,62,49,416,124253
2014,62,50,376,189683
2014,62,51,138,110730
2014,62,54,156,48561
2014,62,55,274,80669
2014,62,56,125,48544
2014,62,57,178,69697
2014,62,58,24,19947
2014,62,59,24,23566
2014,62,60,64,110733
2014,62,61,299,116233
2014,62,62,91,260866
2014,62,63,190,98323
2014,62,64,403,105543
2014,62,65,164,106241
2014,62,66,44,63524
2014,62,67,101,91597
2014,62,68,133,51979
2014,62,69,484,217761
2014,62,70,1025,493400
2014,62,71,85,52009
2014,62,72,101,63535
2014,62,73,92,163394
2014,62,74,127,63221
2014,62,75,67,24090
2014,62,76,259,212491
2014,62,77,1410,638918
2014,62,82,62,40511
2014,63,39,117,67582
2014,63,41,91,60693
2014,63,42,30,21222
2014,63,45,61,33758
2014,63,46,43,24179
2014,63,47,94,40748
2014,63,48,61,72964
2014,63,49,147,151160
2014,63,50,347,168393
2014,63,51,113,81950
2014,63,54,101,58366
2014,63,55,97,37459
2014,63,56,63,85432
2014,63,57,375,116319
2014,63,58,6,5379
2014,63,59,40,45661
2014,63,60,116,144613
2014,63,61,369,479371
2014,63,62,32,61186
2014,63,63,125,392184
2014,63,64,437,169998
2014,63,65,155,116616
2014,63,66,144,111702
2014,63,67,108,141702
2014,63,68,110,53782
2014,63,69,490,249773
2014,63,70,1200,626955
2014,63,71,112,154003
2014,63,72,83,78981
2014,63,73,47,100099
2014,63,74,271,99730
2014,63,75,32,44023
2014,63,76,246,136127
2014,63,77,194,249783
2014,63,82,30,22314
2014,64,39,140,110116
2014,64,41,156,97845
2014,64,42,47,35281
2014,64,45,89,74323
2014,64,46,116,108858
2014,64,47,269,143191
2014,64,48,169,163873
2014,64,49,244,102974
2014,64,50,563,347900
2014,64,51,116,54736
2014,64,54,93,38855
2014,64,55,578,304292
2014,64,56,123,64987
2014,64,57,193,164782
2014,64,58,46,48237
2014,64,59,64,68612
2014,64,60,124,183208
2014,64,61,145,106096
2014,64,62,202,90793
2014,64,63,374,308609
2014,64,64,220,470527
2014,64,65,315,259963
2014,64,66,76,87013
2014,64,67,131,135365
2014,64,68,228,100687
2014,64,69,702,266131
2014,64,70,871,366526
2014,64,71,129,109618
2014,64,72,85,162764
2014,64,73,66,215742
2014,64,74,253,222865
2014,64,75,179,87489
2014,64,76,304,200451
2014,64,77,1996,1249449
2014,64,82,42,39744
2014,65,39,324,225914
2014,65,41,51,54008
2014,65,42,64,69428
2014,65,45,25,28721
2014,65,46,27,30483
2014,65,47,163,123179
2014,65,48,75,76788
2014,65,49,239,225176
2014,65,50,647,601381
2014,65,51,73,74279
2014,65,54,98,120393
2014,65,55,614,507550
2014,65,56,84,73337
2014,65,57,225,123458
2014,65,58,33,26233
2014,65,59,192,256025
2014,65,60,48,71008
2014,65,61,409,235173
2014,65,62,118,96158
2014,65,63,126,187214
2014,65,64,141,106853
2014,65,65,197,642097
2014,65,66,340,211775
2014,65,67,203,175448
2014,65,68,126,102267
2014,65,69,964,350179
2014,65,70,3158,931307
2014,65,71,71,163792
2014,65,72,1107,583280
2014,65,73,38,60144
2014,65,74,221,204692
2014,65,75,53,53312
2014,65,76,324,354507
2014,65,77,373,502493
2014,65,82,51,62498
2014,66,34,1,20491
2014,66,39,616,352279
2014,66,41,27,670303
2014,66,42,46,48776
2014,66,45,81,74994
2014,66,46,43,45307
2014,66,47,210,145534
2014,66,48,78,101006
2014,66,49,93,93680
2014,66,50,126,197858
2014,66,51,98,102427
2014,66,54,24,30711
2014,66,55,289,263230
2014,66,56,146,118855
2014,66,57,174,143925
2014,66,58,59,70282
2014,66,59,118,123704
2014,66,60,62,130927
2014,66,61,71,82493
2014,66,62,63,17324440
2014,66,63,119,87573
2014,66,64,177,203839
2014,66,65,244,153356
2014,66,66,163,853445
2014,66,67,132,213886
2014,66,68,84,80898
2014,66,69,213,169640
2014,66,70,800,574973
2014,66,71,66,83075
2014,66,72,642,607829
2014,66,73,38,48206
2014,66,74,129,175820
2014,66,75,145,120142
2014,66,76,393,262597
2014,66,77,626,573894
2014,66,82,19,31380
2014,67,39,940,542632
2014,67,41,48,55465
2014,67,42,61,54432
2014,67,45,98,103252
2014,67,46,125,89175
2014,67,47,314,218164
2014,67,48,64,125603
2014,67,49,95,96130
2014,67,50,219,260286
2014,67,51,31,33013
2014,67,54,33,75539
2014,67,55,151,135099
2014,67,56,176,134062
2014,67,57,183,101521
2014,67,58,15,14020
2014,67,59,94,149201
2014,67,60,70,453466
2014,67,61,74,421336
2014,67,62,128,103171
2014,67,63,118,116551
2014,67,64,247,207703
2014,67,65,341,217684
2014,67,66,113,108602
2014,67,67,351,2538371
2014,67,68,354,214563
2014,67,69,406,286855
2014,67,70,2131,1717596
2014,67,71,174,137289
2014,67,72,359,120625
2014,67,73,68,104887
2014,67,74,236,263766
2014,67,75,204,189973
2014,67,76,1290,660340
2014,67,77,472,437883
2014,67,82,20,32458
2014,68,39,136,299833
2014,68,41,68,42401
2014,68,42,17,17644
2014,68,45,202,137219
2014,68,46,75,83820
2014,68,47,99,53895
2014,68,48,49,57872
2014,68,49,119,61425
2014,68,50,332,251760
2014,68,51,74,43631
2014,68,54,68,53110
2014,68,55,117,47306
2014,68,56,98,90486
2014,68,57,213,263131
2014,68,58,28,22205
2014,68,59,60,118609
2014,68,60,119,319144
2014,68,61,170,115736
2014,68,62,64,28406
2014,68,63,37,41427
2014,68,64,202,101552
2014,68,65,203,221812
2014,68,66,138,180400
2014,68,67,347,250404
2014,68,68,166,713648
2014,68,69,714,292421
2014,68,70,1168,448687
2014,68,71,96,82674
2014,68,72,113,120602
2014,68,73,121,184160
2014,68,74,255,171360
2014,68,75,46,32344
2014,68,76,78,98185
2014,68,77,185,160963
2014,68,82,27,20590
2014,69,39,1770,1020524
2014,69,41,97,96780
2014,69,42,136,139869
2014,69,45,140,111560
2014,69,46,163,125287
2014,69,47,232,177747
2014,69,48,172,205871
2014,69,49,115,73230
2014,69,50,529,413289
2014,69,51,416,275017
2014,69,54,53,62901
2014,69,55,525,367603
2014,69,56,217,176812
2014,69,57,1432,610524
2014,69,58,61,50606
2014,69,59,227,183538
2014,69,60,84,188124
2014,69,61,248,169637
2014,69,62,293,145842
2014,69,63,506,269188
2014,69,64,348,139925
2014,69,65,2937,1013494
2014,69,66,395,380057
2014,69,67,1000,898461
2014,69,68,417,218029
2014,69,69,241,801994
2014,69,70,54,349532
2014,69,71,104,124741
2014,69,72,387,261841
2014,69,73,35,63459
2014,69,74,447,352732
2014,69,75,165,140274
2014,69,76,360,255768
2014,69,77,614,560492
2014,69,82,212,191685
2014,70,29,1,28226
2014,70,39,618,666750
2014,70,41,581,532831
2014,70,42,764,640058
2014,70,45,457,375175
2014,70,46,151,121555
2014,70,47,349,244570
2014,70,48,693,768584
2014,70,49,636,462850
2014,70,50,1734,1480644
2014,70,51,1536,969771
2014,70,54,791,523797
2014,70,55,1807,1261987
2014,70,56,625,617761
2014,70,57,663,305390
2014,70,58,95,73739
2014,70,59,173,169813
2014,70,60,701,871715
2014,70,61,862,484579
2014,70,62,618,288693
2014,70,63,1104,598935
2014,70,64,577,312564
2014,70,65,1083,400289
2014,70,66,397,426006
2014,70,67,782,630357
2014,70,68,1231,586826
2014,70,69,53,121827
2014,70,70,256,1556746
2014,70,71,198,217897
2014,70,72,358,284019
2014,70,73,249,281782
2014,70,74,1557,1193366
2014,70,75,626,539372
2014,70,76,640,456783
2014,70,77,1620,1564338
2014,70,82,558,525493
2014,71,39,162,228577
2014,71,41,98,64932
2014,71,42,168,100052
2014,71,45,124,84473
2014,71,46,172,232604
2014,71,47,141,99947
2014,71,48,73,261847
2014,71,49,61,41569
2014,71,50,260,447101
2014,71,51,66,67273
2014,71,54,45,47304
2014,71,55,72,62465
2014,71,56,147,81195
2014,71,57,124,52492
2014,71,58,48,48108
2014,71,59,61,149836
2014,71,60,331,755262
2014,71,61,102,83804
2014,71,62,161,111269
2014,71,63,303,130086
2014,71,64,190,113646
2014,71,65,277,217917
2014,71,66,93,140016
2014,71,67,290,536628
2014,71,68,147,77018
2014,71,69,318,191546
2014,71,70,523,565531
2014,71,71,273,3283397
2014,71,72,177,139016
2014,71,73,153,248862
2014,71,74,168,234446
2014,71,75,216,222576
2014,71,76,131,350018
2014,71,77,265,266104
2014,71,82,184,111479
2014,72,39,283,686381
2014,72,41,150,103629
2014,72,42,39,34643
2014,72,45,107,116573
2014,72,46,80,87605
2014,72,47,84,69984
2014,72,48,74,186016
2014,72,49,34,31620
2014,72,50,108,237896
2014,72,51,14,12235
2014,72,54,41,36313
2014,72,55,188,132881
2014,72,56,122,92304
2014,72,57,137,50278
2014,72,58,54,145824
2014,72,59,273,180109
2014,72,60,265,546293
2014,72,61,53,73401
2014,72,62,83,61855
2014,72,63,56,49163
2014,72,64,130,117110
2014,72,65,1149,609102
2014,72,66,487,252335
2014,72,67,431,403785
2014,72,68,76,46415
2014,72,69,179,193429
2014,72,70,429,287991
2014,72,71,91,89107
2014,72,72,249,2101536
2014,72,73,72,183292
2014,72,74,148,220329
2014,72,75,78,58363
2014,72,76,341,429182
2014,72,77,379,437315
2014,72,82,37,34286
2014,73,39,335,706493
2014,73,41,314,107598
2014,73,42,135,98896
2014,73,45,339,152032
2014,73,46,105,79041
2014,73,47,129,118953
2014,73,48,53,128638
2014,73,49,126,108382
2014,73,50,258,630319
2014,73,51,576,384761
2014,73,54,72,72823
2014,73,55,235,148439
2014,73,56,428,222130
2014,73,57,70,106416
2014,73,58,23,126031
2014,73,59,35,48925
2014,73,60,209,565511
2014,73,61,303,387524
2014,73,62,99,63825
2014,73,63,81,45080
2014,73,64,105,122804
2014,73,65,130,163224
2014,73,66,87,233190
2014,73,67,130,195038
2014,73,68,100,110981
2014,73,69,288,387320
2014,73,70,577,596527
2014,73,71,185,216885
2014,73,72,97,176563
2014,73,73,213,1571836
2014,73,74,196,133010
2014,73,75,102,206951
2014,73,76,381,334638
2014,73,77,1203,849836
2014,73,82,50,70800
2014,74,39,145,128171
2014,74,41,74,31908
2014,74,42,169,45667
2014,74,45,49,50733
2014,74,46,71,75402
2014,74,47,74,51495
2014,74,48,629,324767
2014,74,49,221,58073
2014,74,50,74,270803
2014,74,51,401,101860
2014,74,54,568,287278
2014,74,55,101,34456
2014,74,56,23,110912
2014,74,57,96,76081
2014,74,58,20,96303
2014,74,59,51,84217
2014,74,60,1293,1384290
2014,74,61,1774,1038773
2014,74,62,53,71286
2014,74,63,271,217193
2014,74,64,334,207810
2014,74,65,327,312759
2014,74,66,79,115547
2014,74,67,117,196653
2014,74,68,257,202320
2014,74,69,1067,773387
2014,74,70,1835,1404220
2014,74,71,84,116582
2014,74,72,83,111987
2014,74,73,124,175389
2014,74,74,355,2025641
2014,74,75,183,187544
2014,74,76,237,267835
2014,74,77,117,241255
2014,74,82,223,201356
2014,75,39,386,348163
2014,75,41,75,70213
2014,75,42,219,213997
2014,75,45,255,96215
2014,75,46,59,45341
2014,75,47,98,38916
2014,75,48,121,178390
2014,75,49,130,51027
2014,75,50,295,369078
2014,75,51,168,96727
2014,75,54,199,149274
2014,75,55,143,48257
2014,75,56,21,53861
2014,75,57,119,80810
2014,75,58,42,36482
2014,75,59,34,27786
2014,75,60,241,513994
2014,75,61,165,119997
2014,75,62,31,63601
2014,75,63,52,13664
2014,75,64,135,65863
2014,75,65,67,71625
2014,75,66,267,236367
2014,75,67,224,225502
2014,75,68,74,31943
2014,75,69,168,144191
2014,75,70,494,459977
2014,75,71,257,338353
2014,75,72,210,129992
2014,75,73,57,74996
2014,75,74,154,97984
2014,75,75,158,739782
2014,75,76,543,503871
2014,75,77,64,99394
2014,75,82,128,59195
2014,76,7,1,66748
2014,76,25,1,23661
2014,76,39,114,438968
2014,76,41,143,89873
2014,76,42,173,564324
2014,76,45,162,163652
2014,76,46,130,128324
2014,76,47,62,71111
2014,76,48,102,317859
2014,76,49,163,98533
2014,76,50,534,610289
2014,76,51,68,54396
2014,76,54,186,191163
2014,76,55,675,354211
2014,76,56,273,115936
2014,76,57,102,157335
2014,76,58,96,224141
2014,76,59,112,131340
2014,76,60,432,1073637
2014,76,61,191,167183
2014,76,62,142,87407
2014,76,63,192,109293
2014,76,64,267,142084
2014,76,65,333,247493
2014,76,66,301,341583
2014,76,67,1021,753138
2014,76,68,74,100530
2014,76,69,552,300208
2014,76,70,1477,938919
2014,76,71,84,309643
2014,76,72,281,216419
2014,76,73,188,219582
2014,76,74,329,258120
2014,76,75,228,189723
2014,76,76,356,2725817
2014,76,77,352,628049
2014,76,82,83,85116
2014,77,39,332,341490
2014,77,41,157,65395
2014,77,42,367,200501
2014,77,45,484,143376
2014,77,46,102,81675
2014,77,47,16,56905
2014,77,48,119,173909
2014,77,49,153,93878
2014,77,50,771,607537
2014,77,51,163,70499
2014,77,54,146,105336
2014,77,55,256,90421
2014,77,56,147,80941
2014,77,57,200,137699
2014,77,58,65,96955
2014,77,59,127,100003
2014,77,60,593,943374
2014,77,61,709,460912
2014,77,62,499,178849
2014,77,63,119,65979
2014,77,64,1875,773758
2014,77,65,342,309079
2014,77,66,256,272276
2014,77,67,258,277337
2014,77,68,224,117506
2014,77,69,636,434704
2014,77,70,1438,936618
2014,77,71,84,294395
2014,77,72,271,156704
2014,77,73,484,306120
2014,77,74,361,516467
2014,77,75,55,235693
2014,77,76,233,424276
2014,77,77,218,1081443
2014,77,82,258,141631
2014,80,2,10,14222
2014,80,3,3,3944
2014,80,4,5,5275
2014,80,5,5,5654
2014,80,6,35,30923
2014,80,7,6,13920
2014,80,9,52,64491
2014,80,10,11,12715
2014,80,11,4,4589
2014,80,12,1,969
2014,80,13,10,9644
2014,80,14,50,57872
2014,80,16,10,13204
2014,80,36,1,169308
2014,80,80,51,103665
2014,80,84,265,198008
2014,82,39,48,40974
2014,82,41,210,54735
2014,82,42,81,31577
2014,82,45,34,19068
2014,82,46,29,45492
2014,82,47,70,36077
2014,82,48,26,120624
2014,82,49,122,48035
2014,82,50,99,142597
2014,82,51,70,25412
2014,82,54,162,114377
2014,82,55,341,154073
2014,82,56,498,147607
2014,82,57,46,37807
2014,82,58,4,5669
2014,82,59,5,7071
2014,82,60,117,415904
2014,82,61,236,190488
2014,82,62,25,25078
2014,82,63,32,23067
2014,82,64,56,42117
2014,82,65,28,34964
2014,82,66,37,40204
2014,82,67,40,39600
2014,82,68,39,45940
2014,82,69,343,314848
2014,82,70,729,740886
2014,82,71,165,144145
2014,82,72,97,132831
2014,82,73,42,71495
2014,82,74,376,112907
2014,82,75,366,164145
2014,82,76,121,87132
2014,82,77,205,168445
2014,82,82,123,608830
2014,83,22,121,34207
2014,83,23,6,2397
2014,83,24,13,7848
2014,83,25,2,867
2014,83,26,2,1118
2014,83,34,2,5035
2014,83,36,1,2300
2014,83,83,21,75687
2014,84,2,285,211568
2014,84,3,117,75549
2014,84,4,12,9705
2014,84,5,4,3665
2014,84,6,78,33168
2014,84,7,27,25654
2014,84,8,9,5813
2014,84,9,69,22861
2014,84,10,9,3745
2014,84,11,28,84217
2014,84,12,42,45446
2014,84,13,7,3568
2014,84,14,12,11844
2014,84,16,5,4886
2014,84,80,296,158730
2014,84,84,97,843147
2015,2,2,55,716483
2015,2,3,186,103878
2015,2,4,894,262225
2015,2,5,176,178155
2015,2,6,494,207002
2015,2,7,355,182840
2015,2,8,73,54157
2015,2,9,222,170683
2015,2,10,106,169166
2015,2,11,315,173237
2015,2,12,113,612613
2015,2,13,194,107136
2015,2,14,7,6883
2015,2,16,57,49182
2015,2,28,2,22762
2015,2,80,13,15100
2015,2,84,131,91748
2015,3,2,175,175742
2015,3,3,122,1475285
2015,3,4,20,12264
2015,3,5,13,4279
2015,3,6,33,35479
2015,3,7,26,31803
2015,3,8,7,251375
2015,3,9,9,7639
2015,3,10,14,10010
2015,3,11,28,25437
2015,3,12,18,717154
2015,3,13,5,3819
2015,3,14,17,13572
2015,3,16,6,4459
2015,3,28,2,16600
2015,3,80,4,5656
2015,3,84,5,3001
2015,4,2,864,815976
2015,4,3,14,5697
2015,4,4,87,294285
2015,4,5,4,1613
2015,4,6,13,14471
2015,4,7,27,28771
2015,4,8,23,9246
2015,4,9,5,3836
2015,4,10,12,7002
2015,4,11,12,7317
2015,4,12,139,68939
2015,4,13,4,7888
2015,4,14,154,38144
2015,4,16,14,12134
2015,4,80,5,7572
2015,4,84,2,2327
2015,5,2,196,58630
2015,5,3,7,11915
2015,5,4,12,19636
2015,5,5,19,54447
2015,5,6,20,17220
2015,5,7,24,11139
2015,5,8,14,106436
2015,5,9,4,3166
2015,5,10,11,8758
2015,5,11,13,302799
2015,5,12,35,16594
2015,5,13,10,57879
2015,5,14,9,13555
2015,5,16,9,5768
2015,5,80,7,7611
2015,5,84,2,898
2015,6,2,416,174870
2015,6,3,36,52976
2015,6,4,5,6486
2015,6,5,18,6653
2015,6,6,65,1282228
2015,6,7,26,24132
2015,6,8,22,15518
2015,6,9,98,286765
2015,6,10,28,16697
2015,6,11,22,28320
2015,6,12,10,6827
2015,6,13,61,13822
2015,6,14,32,11350
2015,6,16,16,17600
2015,6,80,58,38074
2015,6,84,38,28149
2015,7,2,164,140574
2015,7,3,18,33954
2015,7,4,21,15634
2015,7,5,24,21436
2015,7,6,28,15898
2015,7,7,44,128145
2015,7,8,33,19317
2015,7,9,38,32672
2015,7,10,24,11158
2015,7,11,39,11450
2015,7,12,9,7504
2015,7,13,24,17630
2015,7,14,14,10330
2015,7,16,85,35878
2015,7,80,1,30751
2015,7,84,16,8971
2015,8,2,55,39459
2015,8,3,11,154736
2015,8,4,10,76231
2015,8,5,4,2736
2015,8,6,45,36389
2015,8,7,35,16600
2015,8,8,39,186170
2015,8,9,31,24853
2015,8,10,13,5384
2015,8,11,10,4315
2015,8,12,3,3209
2015,8,13,23,13843
2015,8,14,9,10542
2015,8,16,20,130325
2015,8,80,1,973
2015,8,84,2,911
2015,9,2,223,182962
2015,9,3,23,32694
2015,9,4,4,2723
2015,9,5,14,13026
2015,9,6,111,77181
2015,9,7,27,441380
2015,9,8,41,48069
2015,9,9,40,254896
2015,9,10,34,19784
2015,9,11,26,29691
2015,9,12,14,10752
2015,9,13,25,19154
2015,9,14,14,15420
2015,9,16,4,3783
2015,9,80,4,2111
2015,9,84,29,12926
2015,10,2,155,85093
2015,10,3,32,18155
2015,10,4,12,17113
2015,10,5,13,7261
2015,10,6,25,19301
2015,10,7,14,9895
2015,10,8,28,15138
2015,10,9,29,69230
2015,10,10,43,107101
2015,10,11,13,24915
2015,10,12,12,5913
2015,10,13,11,8657
2015,10,14,4,2188
2015,10,16,39,19723
2015,10,80,6,7140
2015,10,84,3,1119
2015,11,2,533,294488
2015,11,3,10,5819
2015,11,4,10,6412
2015,11,5,3,13908
2015,11,6,28,21922
2015,11,7,20,19706
2015,11,8,16,6885
2015,11,9,46,39408
2015,11,10,9,11822
2015,11,11,47,311458
2015,11,12,11,17496
2015,11,13,21,14047
2015,11,14,5,9608
2015,11,16,20,26247
2015,11,28,2,36968
2015,11,76,1,29942
2015,11,80,9,11630
2015,11,84,7,4404
2015,12,2,62,46821
2015,12,3,25,20876
2015,12,4,86,39291
2015,12,5,12,6037
2015,12,6,22,15088
2015,12,7,16,5929
2015,12,8,11,9608
2015,12,9,16,16615
2015,12,10,7,6445
2015,12,11,12,19078
2015,12,12,18,59855
2015,12,13,32,12264
2015,12,14,4,3153
2015,12,16,4,5944
2015,12,80,2,1699
2015,12,84,6,3813
2015,13,2,197,99304
2015,13,3,2,721
2015,13,4,6,6143
2015,13,5,11,5075
2015,13,6,55,12052
2015,13,7,32,25943
2015,13,8,38,21965
2015,13,9,55,108072
2015,13,10,16,11068
2015,13,11,45,19283
2015,13,12,39,15173
2015,13,13,34,185065
2015,13,14,5,3729
2015,13,16,4,2313
2015,13,80,17,12401
2015,13,84,4,1597
2015,14,2,13,9202
2015,14,3,14,14135
2015,14,4,134,31818
2015,14,5,6,20852
2015,14,6,59,88610
2015,14,7,29,20866
2015,14,8,10,103978
2015,14,9,16,18243
2015,14,10,2,898
2015,14,11,3,2471
2015,14,12,9,12693
2015,14,13,7,5887
2015,14,14,80,395373
2015,14,16,3,3104
2015,14,80,24,28715
2015,14,84,21,13933
2015,16,2,77,82413
2015,16,3,10,8156
2015,16,4,6,5750
2015,16,5,6,5227
2015,16,6,12,10687
2015,16,7,107,184240
2015,16,8,31,29920
2015,16,9,5,4520
2015,16,10,41,16293
2015,16,11,18,58998
2015,16,12,12,8817
2015,16,13,12,9024
2015,16,14,2,1832
2015,16,16,31,132231
2015,16,80,1,1096
2015,21,21,10,79404
2015,21,22,18,5792
2015,21,23,4,3658
2015,21,24,5,697
2015,21,25,5,11153
2015,21,26,2,10835
2015,21,34,1,2761
2015,21,35,7,29704
2015,21,37,1,5343
2015,21,83,1,727
2015,22,21,36,14945
2015,22,22,49,419122
2015,22,23,67,13859
2015,22,24,9,15570
2015,22,25,292,357759
2015,22,26,179,148032
2015,22,34,13,30483
2015,22,35,1,2650
2015,22,38,1,2132
2015,22,83,85,41096
2015,23,21,5,3986
2015,23,22,14,13896
2015,23,23,27,127206
2015,23,24,14,6412
2015,23,25,11,10506
2015,23,26,12,17212
2015,23,37,1,12731
2015,23,38,1,1860
2015,23,83,6,20253
2015,24,21,7,6383
2015,24,22,13,120548
2015,24,23,14,6310
2015,24,24,19,64943
2015,24,25,10,7494
2015,24,26,2,3360
2015,24,34,1,1983
2015,24,35,2,6211
2015,25,21,1,6388
2015,25,22,301,263494
2015,25,23,6,5549
2015,25,24,13,14917
2015,25,25,42,87532
2015,25,26,2,2523
2015,25,34,18,28051
2015,25,35,1,2290
2015,25,36,1,2872
2015,25,37,1,4894
2015,26,21,2,1992
2015,26,22,95,544869
2015,26,23,23,61412
2015,26,24,3,4004
2015,26,25,2,6966
2015,26,26,5,192921
2015,26,83,1,6321
2015,27,27,53,261829
2015,27,28,919,483286
2015,27,29,8,16428
2015,27,30,27,11866
2015,27,31,42,45059
2015,27,32,34,186984
2015,27,33,43,44031
2015,27,36,4,9767
2015,27,38,2,4936
2015,27,80,3,130109
2015,28,9,1,6067
2015,28,27,989,326202
2015,28,28,175,1675144
2015,28,29,39,66000
2015,28,30,564,195687
2015,28,31,67,61932
2015,28,32,636,302667
2015,28,33,141,134569
2015,28,34,2,555336
2015,28,35,2,15612
2015,28,36,2,3688
2015,28,38,8,15895
2015,29,3,1,11083
2015,29,21,1,9493
2015,29,25,2,5960
2015,29,27,10,10279
2015,29,28,38,76598
2015,29,29,41,505705
2015,29,30,1,1185
2015,29,31,489,165850
2015,29,32,3,3337
2015,29,33,63,26903
2015,29,34,5,100202
2015,29,35,7,73972
2015,29,36,11,36919
2015,29,37,1,2114
2015,29,38,14,24543
2015,29,76,2,31723
2015,30,14,1,27409
2015,30,27,40,31580
2015,30,28,490,233365
2015,30,29,1,1244
2015,30,30,64,289293
2015,30,31,1,859
2015,30,32,9,61474
2015,30,33,5,6686
2015,31,27,32,30372
2015,31,28,76,78548
2015,31,29,491,352104
2015,31,30,2,3868
2015,31,31,30,200766
2015,31,32,16,1887477
2015,31,33,26,15483
2015,31,34,4,7854
2015,31,35,54,85971
2015,31,36,7,9689
2015,31,37,1,1631
2015,31,38,4,6361
2015,32,27,26,186975
2015,32,28,684,353520
2015,32,29,1,718
2015,32,30,6,169056
2015,32,31,33,51681
2015,32,32,66,454339
2015,32,33,7,5861
2015,32,36,1,1645
2015,32,37,1,7530
2015,32,38,1,2294
2015,32,63,2,358425
2015,33,27,45,216258
2015,33,28,161,114459
2015,33,29,85,40746
2015,33,30,4,5114
2015,33,31,20,9648
2015,33,32,10,25447
2015,33,33,34,259464
2015,33,36,7,9702
2015,33,38,7,10398
2015,34,21,1,3120
2015,34,22,1,2252
2015,34,25,15,22728
2015,34,28,8,95945
2015,34,29,5,9851
2015,34,31,4,8186
2015,34,33,2,10760
2015,34,34,127,847740
2015,34,35,39,135338
2015,34,36,138,1127866
2015,34,37,276,243301
2015,34,38,199,163274
2015,35,22,1,1806
2015,35,24,1,1941
2015,35,28,4,65273
2015,35,29,6,28524
2015,35,31,38,665780
2015,35,32,1,4150
2015,35,34,20,59781
2015,35,35,220,2798093
2015,35,36,48,76566
2015,35,37,37,44372
2015,35,38,12,15707
2015,35,70,3,58045
2015,36,25,6,14630
2015,36,28,5,16117
2015,36,29,18,22726
2015,36,31,10,97318
2015,36,33,2,3352
2015,36,34,59,198431
2015,36,35,67,108946
2015,36,36,68,777699
2015,36,37,29,34250
2015,36,38,24,4587
2015,37,21,2,5063
2015,37,25,1,2106
2015,37,29,1,2430
2015,37,30,1,11334
2015,37,31,1,2946
2015,37,34,260,381022
2015,37,35,47,214514
2015,37,36,24,137974
2015,37,37,49,317171
2015,37,38,17,21951
2015,38,27,1,2818
2015,38,28,7,11936
2015,38,29,10,12170
2015,38,31,9,18064
2015,38,32,1,2768
2015,38,33,7,10375
2015,38,34,127,120679
2015,38,35,31,39627
2015,38,36,31,19081
2015,38,37,9,13008
2015,38,38,29,1092207
2015,38,70,1,15940
2015,39,31,1,6162
2015,39,39,188,1565764
2015,39,41,43,32764
2015,39,42,16,16216
2015,39,45,54,41715
2015,39,46,160,94997
2015,39,47,90,46119
2015,39,48,57,155978
2015,39,49,27,19915
2015,39,50,158,214214
2015,39,51,20,43593
2015,39,54,34,223894
2015,39,55,68,40008
2015,39,56,161,79449
2015,39,57,142,129749
2015,39,58,136,242883
2015,39,59,113,73001
2015,39,60,156,597829
2015,39,61,71,197264
2015,39,62,47,28719
2015,39,63,72,56417
2015,39,64,47,43040
2015,39,65,365,329237
2015,39,66,312,456221
2015,39,67,734,584014
2015,39,68,42,23355
2015,39,69,1543,697451
2015,39,70,424,619246
2015,39,71,69,161861
2015,39,72,222,293905
2015,39,73,64,114857
2015,39,74,167,572032
2015,39,75,102,122652
2015,39,76,114,304354
2015,39,77,302,160366
2015,39,82,50,58494
2015,41,39,149,112364
2015,41,41,115,516479
2015,41,42,24,9110
2015,41,45,30,17183
2015,41,46,19,8879
2015,41,47,47,22266
2015,41,48,47,26399
2015,41,49,53,24255
2015,41,50,130,77216
2015,41,51,21,7404
2015,41,54,63,44401
2015,41,55,231,76132
2015,41,56,60,31131
2015,41,57,47,33181
2015,41,58,11,13510
2015,41,59,32,27518
2015,41,60,314,335987
2015,41,61,207,162978
2015,41,62,45,22223
2015,41,63,59,22365
2015,41,64,53,32713
2015,41,65,52,59062
2015,41,66,34,34012
2015,41,67,32,45150
2015,41,68,41,36061
2015,41,69,165,155291
2015,41,70,743,698815
2015,41,71,64,59211
2015,41,72,34,87948
2015,41,73,93,102182
2015,41,74,56,53909
2015,41,75,84,22840
2015,41,76,92,54808
2015,41,77,113,70356
2015,41,82,227,64679
2015,42,39,26,17527
2015,42,41,23,26421
2015,42,42,145,469203
2015,42,45,185,49005
2015,42,46,30,23636
2015,42,47,75,38510
2015,42,48,72,62719
2015,42,49,75,55075
2015,42,50,87,75376
2015,42,51,45,19460
2015,42,54,51,31289
2015,42,55,202,68138
2015,42,56,167,37437
2015,42,57,29,29580
2015,42,58,4,3596
2015,42,59,5,7640
2015,42,60,364,256392
2015,42,61,258,200248
2015,42,62,8,6927
2015,42,63,20,10410
2015,42,64,19,10510
2015,42,65,14,15458
2015,42,66,15,32838
2015,42,67,22,25232
2015,42,68,10,9294
2015,42,69,227,198813
2015,42,70,771,680562
2015,42,71,95,93325
2015,42,72,71,62078
2015,42,73,42,80206
2015,42,74,79,34589
2015,42,75,71,91085
2015,42,76,54,38016
2015,42,77,147,86532
2015,42,82,131,29997
2015,45,39,85,46514
2015,45,41,54,25963
2015,45,42,224,126615
2015,45,45,75,290057
2015,45,46,8,2987
2015,45,47,97,33271
2015,45,48,18,18747
2015,45,49,82,42034
2015,45,50,159,134818
2015,45,51,52,41888
2015,45,54,159,104619
2015,45,55,394,146201
2015,45,56,63,20106
2015,45,57,71,46106
2015,45,58,96,85902
2015,45,59,10,11329
2015,45,60,99,169395
2015,45,61,102,86973
2015,45,62,40,19310
2015,45,63,66,27144
2015,45,64,111,67898
2015,45,65,64,130828
2015,45,66,41,43392
2015,45,67,45,39657
2015,45,68,230,95000
2015,45,69,138,114939
2015,45,70,397,330279
2015,45,71,100,98330
2015,45,72,51,35685
2015,45,73,38,213421
2015,45,74,59,24722
2015,45,75,156,83021
2015,45,76,163,162324
2015,45,77,325,99895
2015,45,82,188,95872
2015,46,39,147,116203
2015,46,41,34,12166
2015,46,42,23,29286
2015,46,45,14,78343
2015,46,46,93,415742
2015,46,47,74,56816
2015,46,48,48,47856
2015,46,49,13,8589
2015,46,50,63,84330
2015,46,51,48,28180
2015,46,54,22,20469
2015,46,55,71,45837
2015,46,56,43,19220
2015,46,57,30,30729
2015,46,58,20,54288
2015,46,59,11,22919
2015,46,60,139,232858
2015,46,61,49,56180
2015,46,62,6,4254
2015,46,63,85,43042
2015,46,64,52,36574
2015,46,65,42,67958
2015,46,66,21,28159
2015,46,67,32,35052
2015,46,68,23,30621
2015,46,69,64,65081
2015,46,70,101,122124
2015,46,71,56,98148
2015,46,72,30,29155
2015,46,73,47,156978
2015,46,74,18,11691
2015,46,75,94,111232
2015,46,76,99,112829
2015,46,77,81,58782
2015,46,82,59,123587
2015,47,39,76,30112
2015,47,41,47,17351
2015,47,42,97,52096
2015,47,45,80,34283
2015,47,46,147,35344
2015,47,47,46,263658
2015,47,48,22,32205
2015,47,49,25,13117
2015,47,50,186,168665
2015,47,51,28,14407
2015,47,54,65,47499
2015,47,55,58,22696
2015,47,56,33,85524
2015,47,57,78,43036
2015,47,58,28,21685
2015,47,59,59,47111
2015,47,60,140,378184
2015,47,61,85,89596
2015,47,62,39,17240
2015,47,63,79,18827
2015,47,64,194,56730
2015,47,65,146,127323
2015,47,66,42,46196
2015,47,67,122,79644
2015,47,68,37,14388
2015,47,69,220,171816
2015,47,70,313,223123
2015,47,71,40,145069
2015,47,72,62,57936
2015,47,73,143,167742
2015,47,74,151,96406
2015,47,75,66,54084
2015,47,76,38,71800
2015,47,77,22,71057
2015,47,82,108,65249
2015,48,39,52,304371
2015,48,41,34,59244
2015,48,42,34,9681
2015,48,45,17,18556
2015,48,46,30,30918
2015,48,47,23,41396
2015,48,48,184,811699
2015,48,49,27,22490
2015,48,50,220,626424
2015,48,51,105,63663
2015,48,54,144,144808
2015,48,55,290,133997
2015,48,56,109,42704
2015,48,57,41,131395
2015,48,58,5,43461
2015,48,59,10,71992
2015,48,60,388,759641
2015,48,61,215,397309
2015,48,62,13,166288
2015,48,63,29,17024
2015,48,64,72,46348
2015,48,65,39,43766
2015,48,66,10,31608
2015,48,67,13,57168
2015,48,68,21,24207
2015,48,69,152,142873
2015,48,70,369,458997
2015,48,71,28,61907
2015,48,72,20,68346
2015,48,73,55,172378
2015,48,74,602,241396
2015,48,75,41,49507
2015,48,76,70,312565
2015,48,77,38,75578
2015,48,82,30,39177
2015,49,39,42,45453
2015,49,41,54,55420
2015,49,42,86,95328
2015,49,45,109,49682
2015,49,46,12,6327
2015,49,47,23,14918
2015,49,48,61,38787
2015,49,49,118,516138
2015,49,50,225,86062
2015,49,51,14,115061
2015,49,54,59,45353
2015,49,55,49,10742
2015,49,56,60,31367
2015,49,57,56,33210
2015,49,58,10,11579
2015,49,59,78,84411
2015,49,60,279,309971
2015,49,61,323,138948
2015,49,62,37,13167
2015,49,63,53,17000
2015,49,64,84,29843
2015,49,65,339,413817
2015,49,66,29,32197
2015,49,67,58,80079
2015,49,68,97,54130
2015,49,69,263,164007
2015,49,70,557,330033
2015,49,71,38,30731
2015,49,72,18,18922
2015,49,73,51,45569
2015,49,74,242,92663
2015,49,75,88,33298
2015,49,76,106,81994
2015,49,77,42,192412
2015,49,82,72,39254
2015,50,39,236,453372
2015,50,41,102,172747
2015,50,42,70,126393
2015,50,45,100,72314
2015,50,46,69,296189
2015,50,47,167,115493
2015,50,48,391,721408
2015,50,49,101,65560
2015,50,50,460,3213743
2015,50,51,52,35611
2015,50,54,364,224440
2015,50,55,167,107958
2015,50,56,58,187041
2015,50,57,288,209638
2015,50,58,43,62983
2015,50,59,33,324579
2015,50,60,2393,2659325
2015,50,61,1837,1220660
2015,50,62,372,188042
2015,50,63,364,206649
2015,50,64,428,375161
2015,50,65,464,456862
2015,50,66,49,146390
2015,50,67,119,321348
2015,50,68,350,288761
2015,50,69,408,570625
2015,50,70,1489,1332895
2015,50,71,156,472417
2015,50,72,38,111117
2015,50,73,170,524017
2015,50,74,33,176778
2015,50,75,180,156762
2015,50,76,229,221257
2015,50,77,296,216545
2015,50,82,125,100628
2015,51,39,19,27678
2015,51,41,17,15219
2015,51,42,57,55849
2015,51,45,70,47347
2015,51,46,94,46764
2015,51,47,32,21381
2015,51,48,88,68457
2015,51,49,10,17834
2015,51,50,107,80542
2015,51,51,96,379738
2015,51,54,364,156268
2015,51,55,53,10822
2015,51,56,27,8953
2015,51,57,31,18792
2015,51,58,3,3648
2015,51,59,6,21106
2015,51,60,246,379674
2015,51,61,441,238433
2015,51,62,27,15494
2015,51,63,86,31006
2015,51,64,131,50473
2015,51,65,174,227350
2015,51,66,36,43126
2015,51,67,30,61599
2015,51,68,109,60480
2015,51,69,662,418436
2015,51,70,1748,1227562
2015,51,71,28,29455
2015,51,72,14,13385
2015,51,73,87,77694
2015,51,74,125,71367
2015,51,75,87,52731
2015,51,76,73,62852
2015,51,77,106,50608
2015,51,82,47,30810
2015,54,39,30,30456
2015,54,41,99,71653
2015,54,42,53,33429
2015,54,45,117,74532
2015,54,46,20,15290
2015,54,47,34,196132
2015,54,48,299,218681
2015,54,49,55,11589
2015,54,50,435,227742
2015,54,51,395,165101
2015,54,54,161,655545
2015,54,55,114,34259
2015,54,56,114,51052
2015,54,57,47,29917
2015,54,58,9,13702
2015,54,59,13,23333
2015,54,60,481,974828
2015,54,61,276,118907
2015,54,62,24,15265
2015,54,63,67,33483
2015,54,64,31,10202
2015,54,65,145,93455
2015,54,66,11,24094
2015,54,67,18,86366
2015,54,68,40,22900
2015,54,69,285,144494
2015,54,70,847,427797
2015,54,71,33,75167
2015,54,72,7,18757
2015,54,73,26,40544
2015,54,74,374,202729
2015,54,75,350,254347
2015,54,76,35,99109
2015,54,77,36,19930
2015,54,82,167,95449
2015,55,39,79,288882
2015,55,41,258,84056
2015,55,42,121,48653
2015,55,45,485,211643
2015,55,46,59,39501
2015,55,47,58,25182
2015,55,48,325,159705
2015,55,49,57,19919
2015,55,50,231,89853
2015,55,51,63,16366
2015,55,54,160,48326
2015,55,55,71,145483
2015,55,56,112,63041
2015,55,57,558,226063
2015,55,58,25,20570
2015,55,59,260,221097
2015,55,60,417,278036
2015,55,61,489,261751
2015,55,62,207,64515
2015,55,63,169,28700
2015,55,64,213,68717
2015,55,65,602,501011
2015,55,66,238,260939
2015,55,67,275,258122
2015,55,68,288,86869
2015,55,69,729,446113
2015,55,70,1620,1065068
2015,55,71,46,30751
2015,55,72,237,156137
2015,55,73,175,122882
2015,55,74,177,56497
2015,55,75,117,29959
2015,55,76,455,212251
2015,55,77,112,42474
2015,55,82,504,249909
2015,56,39,153,190130
2015,56,41,36,10574
2015,56,42,153,44413
2015,56,45,217,62616
2015,56,46,36,24596
2015,56,47,47,26561
2015,56,48,322,228127
2015,56,49,88,28358
2015,56,50,77,97659
2015,56,51,60,15287
2015,56,54,165,67714
2015,56,55,344,93287
2015,56,56,69,493261
2015,56,57,43,40114
2015,56,58,13,15081
2015,56,59,29,29200
2015,56,60,364,287921
2015,56,61,424,314454
2015,56,62,27,11686
2015,56,63,58,16292
2015,56,64,136,71738
2015,56,65,38,41188
2015,56,66,45,43277
2015,56,67,149,133424
2015,56,68,42,18926
2015,56,69,365,258144
2015,56,70,863,623000
2015,56,71,67,51543
2015,56,72,50,47557
2015,56,73,144,116693
2015,56,74,36,38440
2015,56,75,25,24710
2015,56,76,114,92663
2015,56,77,76,141268
2015,56,82,745,245782
2015,56,83,1,20586
2015,57,39,145,116885
2015,57,41,34,24165
2015,57,42,20,13909
2015,57,45,78,42576
2015,57,46,44,27311
2015,57,47,104,55422
2015,57,48,79,87038
2015,57,49,61,37822
2015,57,50,302,237270
2015,57,51,29,19543
2015,57,54,31,28144
2015,57,55,399,182453
2015,57,56,48,39419
2015,57,57,136,857513
2015,57,58,42,25212
2015,57,59,39,22305
2015,57,60,229,342941
2015,57,61,57,34302
2015,57,62,82,37995
2015,57,63,84,37999
2015,57,64,140,74953
2015,57,65,205,233809
2015,57,66,69,53832
2015,57,67,192,146370
2015,57,68,66,84296
2015,57,69,1159,582244
2015,57,70,451,296790
2015,57,71,66,102367
2015,57,72,174,66506
2015,57,73,41,100495
2015,57,74,274,291881
2015,57,75,44,22576
2015,57,76,143,43983
2015,57,77,158,65833
2015,57,82,99,104005
2015,58,39,92,94126
2015,58,41,2,2090
2015,58,42,10,65142
2015,58,45,28,25240
2015,58,46,16,19159
2015,58,47,40,43177
2015,58,48,1,827
2015,58,49,24,23157
2015,58,50,48,114963
2015,58,51,4,4186
2015,58,54,5,7441
2015,58,55,31,24403
2015,58,56,15,12657
2015,58,57,42,28850
2015,58,58,70,470606
2015,58,59,32,80803
2015,58,60,47,328296
2015,58,61,16,18650
2015,58,62,18,19731
2015,58,63,19,14403
2015,58,64,30,26508
2015,58,65,75,41930
2015,58,66,65,72074
2015,58,67,107,158129
2015,58,68,22,14168
2015,58,69,148,97220
2015,58,70,83,53877
2015,58,71,34,45151
2015,58,72,48,30149
2015,58,73,72,105060
2015,58,74,18,25691
2015,58,75,41,28338
2015,58,76,90,102334
2015,58,77,65,158581
2015,58,82,8,24745
2015,59,39,135,63654
2015,59,41,33,24699
2015,59,42,7,9665
2015,59,45,8,8582
2015,59,46,14,35580
2015,59,47,80,52794
2015,59,48,8,51281
2015,59,49,75,70373
2015,59,50,49,56932
2015,59,51,8,6997
2015,59,54,18,19164
2015,59,55,214,200159
2015,59,56,43,28507
2015,59,57,64,30812
2015,59,58,43,67851
2015,59,59,64,387487
2015,59,60,88,168091
2015,59,61,16,15874
2015,59,62,4,3156
2015,59,63,31,23727
2015,59,64,34,22285
2015,59,65,211,130111
2015,59,66,73,74473
2015,59,67,113,43296
2015,59,68,116,69396
2015,59,69,347,252785
2015,59,70,106,80926
2015,59,71,56,269420
2015,59,72,94,34443
2015,59,73,9,23737
2015,59,74,118,285886
2015,59,75,28,18549
2015,59,76,85,58829
2015,59,77,149,91668
2015,59,82,4,5904
2015,60,39,295,542745
2015,60,41,360,168982
2015,60,42,299,113278
2015,60,45,88,92650
2015,60,46,87,166020
2015,60,47,91,116651
2015,60,48,182,298246
2015,60,49,119,79372
2015,60,50,1216,764980
2015,60,51,288,172455
2015,60,54,227,234993
2015,60,55,458,472834
2015,60,56,401,238890
2015,60,57,125,164492
2015,60,58,15,80043
2015,60,59,109,310868
2015,60,60,631,2738563
2015,60,61,315,398478
2015,60,62,36,95754
2015,60,63,110,102253
2015,60,64,67,72440
2015,60,65,86,166182
2015,60,66,113,208234
2015,60,67,88,240027
2015,60,68,73,103696
2015,60,69,226,281393
2015,60,70,544,701050
2015,60,71,145,337098
2015,60,72,91,279607
2015,60,73,201,682907
2015,60,74,1792,864035
2015,60,75,324,391028
2015,60,76,258,400103
2015,60,77,387,517488
2015,60,82,201,188437
2015,61,39,46,54135
2015,61,41,203,154627
2015,61,42,277,187764
2015,61,45,61,64252
2015,61,46,43,45156
2015,61,47,80,55941
2015,61,48,259,255571
2015,61,49,265,137843
2015,61,50,2051,1166960
2015,61,51,245,125287
2015,61,54,150,82508
2015,61,55,260,155745
2015,61,56,116,90771
2015,61,57,63,199574
2015,61,58,10,58926
2015,61,59,20,122752
2015,61,60,310,427565
2015,61,61,164,411725
2015,61,62,396,133720
2015,61,63,273,105423
2015,61,64,39,10945
2015,61,65,342,192006
2015,61,66,24,34446
2015,61,67,41,191563
2015,61,68,100,57661
2015,61,69,271,83032
2015,61,70,587,200479
2015,61,71,128,103232
2015,61,72,44,53829
2015,61,73,113,136503
2015,61,74,1192,687086
2015,61,75,207,139191
2015,61,76,249,267750
2015,61,77,600,276115
2015,61,82,189,143880
2015,62,39,57,35767
2015,62,41,165,77576
2015,62,42,20,11655
2015,62,45,124,62516
2015,62,46,90,47358
2015,62,47,70,27504
2015,62,48,34,36343
2015,62,49,174,48338
2015,62,50,521,228158
2015,62,51,86,34631
2015,62,54,47,22603
2015,62,55,322,62150
2015,62,56,71,25597
2015,62,57,80,39934
2015,62,58,4,3242
2015,62,59,8,36611
2015,62,60,105,255310
2015,62,61,349,150691
2015,62,62,53,141959
2015,62,63,151,24468
2015,62,64,149,39437
2015,62,65,283,193593
2015,62,66,40,39566
2015,62,67,117,105702
2015,62,68,55,36044
2015,62,69,267,226707
2015,62,70,812,346141
2015,62,71,70,54073
2015,62,72,37,40787
2015,62,73,37,33005
2015,62,74,90,43387
2015,62,75,43,14827
2015,62,76,88,42806
2015,62,77,738,192034
2015,62,82,39,27788
2015,63,39,80,322311
2015,63,41,39,16054
2015,63,42,33,19159
2015,63,45,40,32547
2015,63,46,79,33530
2015,63,47,54,36003
2015,63,48,32,42204
2015,63,49,32,14372
2015,63,50,235,102105
2015,63,51,143,75723
2015,63,54,48,27876
2015,63,55,38,29051
2015,63,56,46,15406
2015,63,57,353,150042
2015,63,58,21,19083
2015,63,59,34,25312
2015,63,60,80,145918
2015,63,61,185,103745
2015,63,62,41,8099
2015,63,63,62,358482
2015,63,64,337,74100
2015,63,65,165,127957
2015,63,66,76,124402
2015,63,67,98,86739
2015,63,68,110,40222
2015,63,69,529,419391
2015,63,70,920,457232
2015,63,71,76,47989
2015,63,72,74,43614
2015,63,73,42,36555
2015,63,74,258,95401
2015,63,75,54,15562
2015,63,76,131,89435
2015,63,77,177,68182
2015,63,82,32,17562
2015,64,39,84,84767
2015,64,41,57,43335
2015,64,42,51,42324
2015,64,45,89,90132
2015,64,46,105,118947
2015,64,47,204,105074
2015,64,48,109,108813
2015,64,49,135,73488
2015,64,50,521,354036
2015,64,51,91,61296
2015,64,54,88,48693
2015,64,55,221,104376
2015,64,56,50,30404
2015,64,57,126,85825
2015,64,58,22,28242
2015,64,59,33,30349
2015,64,60,66,102933
2015,64,61,109,58646
2015,64,62,127,51557
2015,64,63,377,147056
2015,64,64,107,153254
2015,64,65,214,144919
2015,64,66,27,30348
2015,64,67,46,52578
2015,64,68,109,63908
2015,64,69,442,235564
2015,64,70,718,336348
2015,64,71,73,75594
2015,64,72,50,56364
2015,64,73,32,122617
2015,64,74,162,143948
2015,64,75,95,51416
2015,64,76,130,164664
2015,64,77,1136,525647
2015,64,82,59,53932
2015,65,39,259,240779
2015,65,41,26,26004
2015,65,42,40,51719
2015,65,45,106,126152
2015,65,46,22,39536
2015,65,47,161,116989
2015,65,48,36,47464
2015,65,49,241,200790
2015,65,50,614,528427
2015,65,51,179,140611
2015,65,54,101,72118
2015,65,55,512,434664
2015,65,56,15,15817
2015,65,57,135,77870
2015,65,58,29,21832
2015,65,59,85,70155
2015,65,60,55,104293
2015,65,61,324,183910
2015,65,62,297,190547
2015,65,63,207,193150
2015,65,64,92,42877
2015,65,65,121,213398
2015,65,66,257,154415
2015,65,67,302,209278
2015,65,68,121,93868
2015,65,69,2330,642321
2015,65,70,1076,285815
2015,65,71,53,68111
2015,65,72,1328,735105
2015,65,73,39,55285
2015,65,74,169,178859
2015,65,75,18,20584
2015,65,76,150,122231
2015,65,77,161,138687
2015,65,82,30,35897
2015,66,39,318,160800
2015,66,41,59,47487
2015,66,42,38,36223
2015,66,45,52,45775
2015,66,46,51,40685
2015,66,47,163,104404
2015,66,48,24,55380
2015,66,49,27,26160
2015,66,50,72,94125
2015,66,51,36,36899
2015,66,54,17,19657
2015,66,55,177,154776
2015,66,56,168,163037
2015,66,57,65,35801
2015,66,58,63,17467
2015,66,59,60,32145
2015,66,60,104,160391
2015,66,61,32,35698
2015,66,62,32,29426
2015,66,63,34,27209
2015,66,64,49,38090
2015,66,65,259,200990
2015,66,66,115,461965
2015,66,67,82,73738
2015,66,68,55,38965
2015,66,69,530,373063
2015,66,70,209,151292
2015,66,71,34,46540
2015,66,72,331,167598
2015,66,73,22,94821
2015,66,74,56,68386
2015,66,75,119,98791
2015,66,76,217,158876
2015,66,77,260,187480
2015,66,82,11,11324
2015,67,39,581,481969
2015,67,41,35,29368
2015,67,42,90,77159
2015,67,45,27,67805
2015,67,46,89,69094
2015,67,47,221,169675
2015,67,48,44,80463
2015,67,49,57,63885
2015,67,50,146,241268
2015,67,51,23,100321
2015,67,54,22,29276
2015,67,55,144,108178
2015,67,56,181,131682
2015,67,57,251,184707
2015,67,58,80,76209
2015,67,59,68,59214
2015,67,60,86,247857
2015,67,61,83,81337
2015,67,62,129,93958
2015,67,63,71,54576
2015,67,64,46,36240
2015,67,65,421,282243
2015,67,66,65,452258
2015,67,67,179,865185
2015,67,68,194,198359
2015,67,69,1607,973582
2015,67,70,799,503387
2015,67,71,144,125162
2015,67,72,357,527119
2015,67,73,79,116743
2015,67,74,210,248725
2015,67,75,179,129072
2015,67,76,902,422967
2015,67,77,371,265901
2015,67,82,25,51204
2015,68,39,105,46590
2015,68,41,41,36863
2015,68,42,6,5840
2015,68,45,142,78628
2015,68,46,48,39107
2015,68,47,53,30803
2015,68,48,28,71031
2015,68,49,42,22716
2015,68,50,208,179357
2015,68,51,23,15686
2015,68,54,48,36607
2015,68,55,63,28015
2015,68,56,21,9374
2015,68,57,218,52617
2015,68,58,25,72884
2015,68,59,19,24228
2015,68,60,86,281896
2015,68,61,97,58587
2015,68,62,20,8039
2015,68,63,31,148716
2015,68,64,109,41896
2015,68,65,197,133553
2015,68,66,91,109294
2015,68,67,192,123726
2015,68,68,99,423210
2015,68,69,376,192548
2015,68,70,678,373685
2015,68,71,48,43093
2015,68,72,80,56003
2015,68,73,42,53096
2015,68,74,115,88008
2015,68,75,34,99899
2015,68,76,65,39589
2015,68,77,95,33349
2015,68,82,30,22902
2015,69,39,1319,742834
2015,69,41,143,133165
2015,69,42,284,238931
2015,69,45,150,123952
2015,69,46,139,101522
2015,69,47,183,123096
2015,69,48,197,217834
2015,69,49,177,110993
2015,69,50,746,626186
2015,69,51,914,577417
2015,69,54,148,83220
2015,69,55,586,389727
2015,69,56,191,150110
2015,69,57,1244,499045
2015,69,58,116,123896
2015,69,59,209,193490
2015,69,60,237,433005
2015,69,61,207,65732
2015,69,62,285,137949
2015,69,63,626,323168
2015,69,64,226,122164
2015,69,65,2563,760752
2015,69,66,265,223025
2015,69,67,1070,899690
2015,69,68,378,224483
2015,69,69,123,300315
2015,69,70,53,137957
2015,69,71,115,101401
2015,69,72,377,269860
2015,69,73,25,133806
2015,69,74,538,395249
2015,69,75,267,267804
2015,69,76,278,177405
2015,69,77,556,412546
2015,69,82,295,278200
2015,70,39,657,462174
2015,70,41,580,572523
2015,70,42,750,620764
2015,70,45,247,205077
2015,70,46,149,126420
2015,70,47,306,260440
2015,70,48,473,486843
2015,70,49,337,215769
2015,70,50,1407,1111218
2015,70,51,1025,647276
2015,70,54,636,338317
2015,70,55,1289,1038469
2015,70,56,423,322067
2015,70,57,432,184952
2015,70,58,29,74578
2015,70,59,148,143501
2015,70,60,583,772235
2015,70,61,613,217211
2015,70,62,474,224399
2015,70,63,806,398168
2015,70,64,367,104837
2015,70,65,826,252594
2015,70,66,258,297718
2015,70,67,685,588542
2015,70,68,575,288784
2015,70,69,37,347477
2015,70,70,176,1291039
2015,70,71,80,189111
2015,70,72,236,170599
2015,70,73,90,215486
2015,70,74,926,655186
2015,70,75,387,325458
2015,70,76,359,268149
2015,70,77,692,457246
2015,70,82,438,421124
2015,71,39,134,175934
2015,71,41,39,46420
2015,71,42,186,108981
2015,71,45,74,35346
2015,71,46,174,58816
2015,71,47,118,69743
2015,71,48,48,66716
2015,71,49,52,37645
2015,71,50,191,242221
2015,71,51,20,18017
2015,71,54,23,21225
2015,71,55,73,48228
2015,71,56,133,57144
2015,71,57,112,46027
2015,71,58,44,37926
2015,71,59,49,139017
2015,71,60,298,767632
2015,71,61,97,71155
2015,71,62,46,22351
2015,71,63,323,135956
2015,71,64,76,46141
2015,71,65,174,133372
2015,71,66,78,109946
2015,71,67,159,222578
2015,71,68,131,95778
2015,71,69,226,163476
2015,71,70,281,185743
2015,71,71,171,1309758
2015,71,72,106,88911
2015,71,73,130,141445
2015,71,74,139,84969
2015,71,75,113,49924
2015,71,76,52,116484
2015,71,77,131,51090
2015,71,82,150,86467
2015,72,39,234,328071
2015,72,41,35,78717
2015,72,42,19,17276
2015,72,45,64,54912
2015,72,46,84,49535
2015,72,47,74,42337
2015,72,48,14,56810
2015,72,49,21,25017
2015,72,50,76,127798
2015,72,51,18,14404
2015,72,54,19,16894
2015,72,55,225,136505
2015,72,56,159,98384
2015,72,57,167,77828
2015,72,58,45,29881
2015,72,59,80,38602
2015,72,60,243,451568
2015,72,61,56,42785
2015,72,62,31,23088
2015,72,63,99,49099
2015,72,64,43,33374
2015,72,65,1257,804616
2015,72,66,260,343719
2015,72,67,314,246951
2015,72,68,53,117471
2015,72,69,293,238826
2015,72,70,206,122378
2015,72,71,72,50627
2015,72,72,103,519620
2015,72,73,81,362979
2015,72,74,182,191398
2015,72,75,98,92258
2015,72,76,361,201611
2015,72,77,232,119444
2015,72,82,49,60193
2015,73,39,169,112066
2015,73,41,197,71416
2015,73,42,45,62720
2015,73,45,325,136325
2015,73,46,58,96513
2015,73,47,171,220414
2015,73,48,27,35483
2015,73,49,108,89055
2015,73,50,164,205279
2015,73,51,371,213709
2015,73,54,41,68028
2015,73,55,391,195977
2015,73,56,286,128213
2015,73,57,48,39962
2015,73,58,48,109500
2015,73,59,18,277908
2015,73,60,277,453760
2015,73,61,213,197368
2015,73,62,17,42051
2015,73,63,56,42344
2015,73,64,43,47129
2015,73,65,95,172668
2015,73,66,43,106134
2015,73,67,123,209375
2015,73,68,60,37572
2015,73,69,101,109028
2015,73,70,384,453382
2015,73,71,169,218801
2015,73,72,78,84183
2015,73,73,127,848424
2015,73,74,71,251523
2015,73,75,161,73659
2015,73,76,290,223714
2015,73,77,834,370655
2015,73,82,58,73529
2015,74,39,95,152958
2015,74,41,63,34065
2015,74,42,157,60312
2015,74,45,24,43384
2015,74,46,78,49017
2015,74,47,78,41003
2015,74,48,571,374215
2015,74,49,184,47514
2015,74,50,41,236755
2015,74,51,267,86194
2015,74,54,502,279556
2015,74,55,82,24840
2015,74,56,12,16854
2015,74,57,145,121237
2015,74,58,19,46397
2015,74,59,54,77664
2015,74,60,1314,932894
2015,74,61,1685,943106
2015,74,62,30,35854
2015,74,63,234,88455
2015,74,64,266,148834
2015,74,65,567,551432
2015,74,66,36,67788
2015,74,67,78,287896
2015,74,68,124,82377
2015,74,69,810,572265
2015,74,70,1294,922146
2015,74,71,82,67387
2015,74,72,65,80638
2015,74,73,66,148745
2015,74,74,200,1162455
2015,74,75,93,87357
2015,74,76,144,213599
2015,74,77,50,30883
2015,74,82,233,95873
2015,75,39,211,409215
2015,75,41,66,42783
2015,75,42,108,38610
2015,75,45,170,49028
2015,75,46,84,33924
2015,75,47,63,69957
2015,75,48,34,42337
2015,75,49,63,35097
2015,75,50,169,95072
2015,75,51,139,62382
2015,75,54,262,142607
2015,75,55,97,22147
2015,75,56,21,27357
2015,75,57,55,34922
2015,75,58,32,23916
2015,75,59,38,31505
2015,75,60,234,447964
2015,75,61,129,121794
2015,75,62,26,9198
2015,75,63,66,32062
2015,75,64,70,26590
2015,75,65,29,38941
2015,75,66,164,154884
2015,75,67,229,221076
2015,75,68,45,31084
2015,75,69,165,137246
2015,75,70,488,441525
2015,75,71,177,108194
2015,75,72,127,74933
2015,75,73,51,98805
2015,75,74,103,40574
2015,75,75,99,350954
2015,75,76,262,298273
2015,75,77,31,124710
2015,75,82,162,75751
2015,76,39,110,407936
2015,76,41,69,33775
2015,76,42,39,36725
2015,76,45,104,54329
2015,76,46,90,46163
2015,76,47,45,43514
2015,76,48,73,125298
2015,76,49,126,70578
2015,76,50,318,311242
2015,76,51,56,36093
2015,76,54,108,115605
2015,76,55,451,207191
2015,76,56,124,54409
2015,76,57,128,43939
2015,76,58,84,141964
2015,76,59,63,66575
2015,76,60,252,758945
2015,76,61,176,215983
2015,76,62,84,36449
2015,76,63,105,65567
2015,76,64,103,65002
2015,76,65,107,92008
2015,76,66,179,196511
2015,76,67,814,541276
2015,76,68,74,27970
2015,76,69,382,214597
2015,76,70,1051,539029
2015,76,71,52,214761
2015,76,72,249,123963
2015,76,73,111,205018
2015,76,74,216,188550
2015,76,75,116,153029
2015,76,76,204,1757426
2015,76,77,185,302740
2015,76,82,79,88943
2015,77,39,186,148913
2015,77,41,69,27978
2015,77,42,182,69899
2015,77,45,204,59365
2015,77,46,64,41336
2015,77,47,19,31074
2015,77,48,61,116058
2015,77,49,63,30139
2015,77,50,498,325220
2015,77,51,115,72394
2015,77,54,83,54178
2015,77,55,198,62326
2015,77,56,115,84216
2015,77,57,121,49661
2015,77,58,37,39084
2015,77,59,67,44170
2015,77,60,451,539806
2015,77,61,569,293775
2015,77,62,180,58233
2015,77,63,144,24821
2015,77,64,978,295175
2015,77,65,167,148528
2015,77,66,147,179870
2015,77,67,173,258037
2015,77,68,204,2202302
2015,77,69,456,355376
2015,77,70,721,579798
2015,77,71,84,194487
2015,77,72,161,119944
2015,77,73,341,203316
2015,77,74,266,175467
2015,77,75,36,103506
2015,77,76,142,223238
2015,77,77,84,356021
2015,77,82,246,121168
2015,80,2,7,8708
2015,80,3,6,8257
2015,80,4,3,3323
2015,80,5,3,3189
2015,80,6,120,277290
2015,80,8,3,3104
2015,80,9,8,5962
2015,80,10,4,4052
2015,80,11,9,9717
2015,80,12,3,22315
2015,80,13,5,5306
2015,80,14,21,28252
2015,80,16,2,2521
2015,80,80,16,110940
2015,80,84,134,94424
2015,82,39,68,45928
2015,82,41,227,56744
2015,82,42,107,25436
2015,82,45,73,21211
2015,82,46,20,54073
2015,82,47,75,52514
2015,82,48,23,34654
2015,82,49,48,30178
2015,82,50,126,100869
2015,82,51,51,20510
2015,82,54,184,126740
2015,82,55,364,159860
2015,82,56,462,295342
2015,82,57,103,91853
2015,82,58,11,12069
2015,82,59,12,40966
2015,82,60,185,227922
2015,82,61,238,186791
2015,82,62,8,7054
2015,82,63,31,17231
2015,82,64,53,36341
2015,82,65,27,37776
2015,82,66,20,38038
2015,82,67,54,54384
2015,82,68,15,10032
2015,82,69,303,328330
2015,82,70,728,665495
2015,82,71,111,100969
2015,82,72,60,104661
2015,82,73,44,74236
2015,82,74,493,207536
2015,82,75,418,153138
2015,82,76,91,106789
2015,82,77,340,150132
2015,82,82,115,326779
2015,83,22,149,114035
2015,83,23,6,3205
2015,83,24,1,1256
2015,83,26,2,6574
2015,83,83,15,314507
2015,84,2,261,158437
2015,84,3,44,27472
2015,84,4,11,5725
2015,84,5,8,24284
2015,84,6,63,25149
2015,84,7,15,8605
2015,84,8,4,2342
2015,84,9,30,12197
2015,84,10,10,12147
2015,84,11,13,13367
2015,84,12,5,3895
2015,84,13,8,5107
2015,84,14,20,13665
2015,84,80,131,62735
2015,84,84,27,101512
